,compound,Bravais_lattice_relax,spacegroup_relax,volume_cell,density,geometry,enthalpy_formation_cell,natoms,energy_atom,eentropy_atom,scintillation_attenuation_length,valence_cell_std,bader_atomic_volumes,bader_net_charges
0,Pa1,"BCT
",139,24.655,15.5608,[  3.204229   3.204229   3.204229 104.4111   104.4111   120.1487  ],,1,-9.47535,4.888e-05,-9.98532e-05,5,[24.655],[-0.]
1,La1Ru4Sb12,"BCC
",204,412.651,8.06501,[  8.123343   8.123343   8.123343 109.4712   109.4712   109.4712  ],,17,-4.91648,-0.000256558,1.41639,95,"[24.6294 20.0399 20.0455 20.0399 20.0399 25.6545 25.6443 25.6585 25.6545
 25.6687 25.6443 25.6443 25.6545 25.6585 25.6545 25.6545 25.6443]","[ 1.4974 -0.6179 -0.6244 -0.6179 -0.6179  0.0789  0.085   0.0841  0.0789
  0.0781  0.085   0.085   0.0789  0.0841  0.0789  0.0789  0.085 ]"
2,Cu1Th2,"HEX
",191,93.1519,9.40547,[  5.683755   5.685008   3.328609  90.        90.       119.9927  ],,3,-4.4324,0.000133053,-0.000188637,19,[23.172  34.7062 35.2737],[-0.4005  0.2352  0.1653]
3,La1Sn3,"CUB
",221,116.31,7.06668,[ 4.881341  4.881341  4.881341 90.       90.       90.      ],,4,-4.49811,-0.000346562,1.58807,15,[25.3156 31.2166 29.1351 30.6427],[ 1.1906 -0.4816 -0.2808 -0.4282]
4,In2Mo6Se6,"HEX
",176,322.712,6.5814,[  9.054796   9.057543   4.543226  90.        90.       119.9929  ],,14,-5.74378,-0.00025382,1.84119,78,"[28.4477 28.4477 15.2888 15.2671 15.2409 15.2888 15.2649 15.2409 29.0706
 28.9965 29.0423 29.0684 28.9987 29.0401]","[ 0.6458  0.6458  0.5736  0.5796  0.5856  0.5736  0.5801  0.5856 -0.8002
 -0.7906 -0.7941 -0.8002 -0.7907 -0.794 ]"
5,Pt3V1,"BCT
",139,59.2083,17.843,[  4.794876   4.794876   4.794876 132.2632   132.2632    69.8137  ],,4,-4.7228,1.97e-05,0.436367,35,[16.5222 16.4494 16.8585  9.3782],[-0.4769 -0.4326 -0.5378  1.4473]
6,Bi1,"CUB
",221,34.8151,9.96752,[ 3.265296  3.265296  3.265296 90.01136  90.01136  90.01136 ],0.040686,1,-3.99674,0.00022058,0.678922,5,[34.8151],[-0.]
7,Hg3Zr1,"CUB
",221,88.0368,13.0711,[ 4.448581  4.448581  4.448581 90.       90.       90.      ],-0.24884,4,-2.423,-0.000467168,0.584419,40,[22.3036 23.7226 25.0283 16.9824],[-0.2903 -0.4781 -0.653   1.4214]
8,Ga1N1,"FCC
",216,23.2081,5.99187,[ 3.20173  3.20173  3.20173 60.      60.      60.     ],,2,-5.89728,7.701e-05,2.07655,8,[10.1503 13.0578],[ 1.4562 -1.4562]
9,In1,"BCT
",139,26.6899,7.14366,[  3.384609   3.384609   3.384609 121.6659   121.6659    87.13802 ],,1,-2.58598,2.914e-05,1.59342,3,[26.6899],[0.]
10,Ga2La1,"HEX
",191,72.4123,6.38373,[  4.338366   4.338366   4.442451  90.        90.       119.9985  ],,3,-3.88152,0.000156687,1.81339,9,[23.7521 23.1611 25.4991],[-0.7018 -0.6106  1.3124]
11,Ce1Rh1Si3,"BCT
",107,86.5927,6.27611,[  5.699545   5.699545   5.699545 136.5059   136.5059    63.1991  ],,5,-5.56881,0.000246572,1.76917,25,[19.8971 20.715  16.7257 14.6258 14.6264],[ 1.489  -1.5965 -0.3298  0.2187  0.2185]
12,Ta1,"FCC
",225,19.4029,15.4859,[ 3.016204  3.016204  3.016204 60.       60.       60.      ],,1,-9.89043,0.00015184,0.535401,5,[19.4029],[-0.]
13,Cs1,"FCC
",225,115.717,1.90719,[ 5.469792  5.469792  5.469792 60.       60.       60.      ],,1,-0.853276,-0.00014468,5.72007,1,[115.7171],[0.]
14,C1Rh1,"FCC
",225,20.5277,9.29589,[ 3.073396  3.073396  3.073396 60.       60.       60.      ],,2,-5.58622,4.896e-05,1.25168,13,[ 8.1445 12.3832],[-0.5319  0.5319]
15,Se2Ta1,"RHL
",160,71.0837,7.91607,[ 7.029556  7.029556  7.029556 28.75633  28.75633  28.75633 ],,3,-6.5168,0.000460803,1.25417,17,[27.8286 27.8417 15.4118],[-0.7614 -0.7491  1.5105]
16,Li1Pb1,"RHL
",166,45.2218,7.86324,[ 3.562773  3.562773  3.562773 89.70522  89.70522  89.70522 ],-0.554091,2,-3.0821,3.749e-05,0.897791,5,[ 4.2685 40.9532],[ 0.8412 -0.8411]
17,Be17Nb2,"RHL
",166,168.992,3.33127,[ 5.566502  5.566502  5.566502 83.0775   83.0775   83.0775  ],,19,-4.43184,6.22653e-05,3.72472,44,"[ 7.2546  7.0862 12.9532 12.9532 12.9532  6.8678  7.0862  6.9631  7.1209
  7.0862  7.0246  6.913   6.913   6.9967  6.913   6.8303  6.914  16.0806
 16.0816]","[ 0.2424  0.2843 -1.5021 -1.5021 -1.5021  0.2387  0.1795  0.2131  0.1704
  0.1795  0.1963  0.254   0.254   0.2316  0.254   0.2762  0.2538  0.6392
  0.6391]"
18,N1Th1,"FCC
",225,37.9134,10.7763,[ 3.77082  3.77082  3.77082 60.      60.      60.     ],,2,-8.4907,-2.084e-05,-0.000153551,9,[15.4856 22.4278],[-1.8521  1.8521]
19,Re24Zr5,"BCC
",217,473.217,17.2817,[  8.502775   8.502775   8.502775 109.4712   109.4712   109.4712  ],,29,-9.55335,7.70052e-05,0.475394,188,"[16.8419 16.8419 16.847  16.8635 16.8419 16.8419 16.8635 16.847  16.8635
 16.847  16.8419 16.8419 16.8495 17.4353 17.5456 17.2172 17.2679 17.4353
 17.2172 17.1107 17.2172 16.7025 17.6483 17.4733 13.4099 12.634  12.634
 12.6023 12.634 ]","[-0.2282 -0.2282 -0.2263 -0.2322 -0.2282 -0.2282 -0.2322 -0.2263 -0.2322
 -0.2263 -0.2282 -0.2282 -0.2795 -0.4736 -0.4978 -0.3956 -0.4103 -0.4736
 -0.3956 -0.3621 -0.3956 -0.2346 -0.5357 -0.479   1.5301  1.5357  1.5357
  1.5407  1.5357]"
20,S1Y1,"FCC
",225,42.5385,4.72204,[ 3.918313  3.918313  3.918313 60.       60.       60.      ],,2,-7.29241,6.639e-05,2.54922,9,[25.8635 16.675 ],[-1.551  1.551]
21,Rh1Zr1,"CUB
",221,35.5098,9.07787,[ 3.286871  3.286871  3.286871 90.       90.       90.      ],,2,-6.98569,0.000266455,1.30839,13,[21.4459 14.0639],[-1.4717  1.4717]
22,Os1Ti1,"CUB
",221,30.6072,12.9177,[ 3.128057  3.128057  3.128057 90.       90.       90.      ],,2,-7.24376,-0.000259375,0.649595,12,[21.832   8.7752],[-1.6577  1.6577]
23,K1Ni2Se2,"BCT
",139,101.358,5.15074,[  6.774028   6.774028   6.774028 145.0797   145.0797    50.2158  ],,5,-2.95149,2.8546e-05,2.3958,33,[20.4089 13.6585 13.6581 26.9853 26.6462],[ 0.7811  0.1968  0.1969 -0.5949 -0.58  ]
24,In1Te1,"FCC
",225,61.5193,6.54345,[ 4.431071  4.431071  4.431071 60.       60.       60.      ],,2,-3.1702,5.8895e-05,1.75119,9,[24.6058 36.9135],[ 0.5752 -0.5752]
25,Ge2Mo1,"BCT
",139,46.6207,8.58823,[  4.777155   4.777155   4.777155 138.9133   138.9133    59.50713 ],,3,-5.8144,0.000108583,1.43634,14,[15.4209 15.5347 15.6651],[-0.1619 -0.1932  0.355 ]
26,Co1Si2,"FCC
",225,37.1951,5.13871,[ 3.746856  3.746856  3.746856 60.       60.       60.      ],,3,-5.00265,2.21167e-05,2.33918,17,[14.0941 11.5509 11.5501],[-1.438  0.719  0.719]
27,Au1Te2,"HEX
",164,79.168,9.48414,[  4.211434   4.211421   5.154197  90.00021   90.       120.0001  ],,3,-2.56929,-9.22167e-05,0.974376,23,[22.8718 28.1825 28.1138],[-0.3154  0.1534  0.162 ]
28,C1Ta2,"HEX
",164,42.7822,14.5127,[  3.14367    3.143655   4.998748  90.00188   90.       120.0002  ],,3,-10.4241,0.000174433,0.576578,14,[11.2237 15.7893 15.7692],[-1.9097  0.9529  0.9568]
29,Al2Au1,"FCC
",225,55.1776,7.55158,[ 4.27326  4.27326  4.27326 60.      60.      60.     ],,3,-3.2488,-8.25867e-05,1.06229,17,[10.4049 10.4475 34.2968],[ 1.5188  1.5153 -3.034 ]
30,Cd1Mo6S8,"RHL
",148,283.28,5.53667,[ 6.572556  6.572556  6.572556 92.19962  92.19962  92.19962 ],,15,-6.09694,5.31287e-05,2.12425,96,"[20.1094 14.0071 14.0071 14.006  14.006  14.0071 14.0071 22.0221 22.0221
 22.5149 22.5138 22.5138 22.5138 22.5149 22.5149]","[ 0.8986  0.9483  0.9483  0.9485  0.9485  0.9483  0.9483 -0.7615 -0.7615
 -0.8443 -0.8443 -0.8443 -0.8443 -0.8443 -0.8443]"
31,U1,"FCC
",225,32.8674,12.0259,[ 3.595505  3.595505  3.595505 60.       60.       60.      ],,1,-8.19111,0.00049713,-0.000133114,6,[32.8674],[0.]
32,Re24Sc5,"BCC
",217,470.501,16.5651,[  8.486475   8.486475   8.486475 109.4712   109.4712   109.4712  ],,29,-8.95284,9.80852e-05,0.488392,183,"[17.1577 17.1227 17.1089 17.1089 17.1577 17.1227 17.1089 17.1089 17.1577
 17.1227 17.1089 17.1089 18.3017 18.3587 17.3846 17.9544 17.857  18.3587
 17.9544 17.8294 17.4361 18.3587 17.8294 18.3991 10.2968  9.6379  9.6829
  9.6829  9.6829]","[-0.2347 -0.2274 -0.2233 -0.2233 -0.2347 -0.2274 -0.2233 -0.2233 -0.2347
 -0.2274 -0.2233 -0.2233 -0.5478 -0.5568 -0.2745 -0.4453 -0.4149 -0.5568
 -0.4453 -0.4072 -0.2891 -0.5568 -0.4072 -0.5781  1.6472  1.6453  1.6378
  1.6378  1.6378]"
33,Be5Pt1,"FCC
",216,53.148,7.5032,[ 4.22021  4.22021  4.22021 60.      60.      60.     ],,6,-4.1573,-2.32667e-06,1.08999,20,[ 3.0201  8.7719  6.1715  2.6471  2.6471 29.8904],[ 1.4251 -0.3384  0.3342  1.3634  1.3634 -4.1477]
34,As1Ga1,"ORCI
",44,38.3147,6.26943,[  3.908873   3.908873   3.908873 136.0793   101.7913    94.32148 ],,2,-3.54116,-5.807e-05,2.01296,8,[22.2086 16.1041],[-0.4499  0.4499]
35,C1Tc1,"FCC
",225,20.8619,8.82864,[ 3.089985  3.089985  3.089985 60.       60.       60.      ],,2,-7.53806,-0.000169665,1.34679,11,[ 8.8664 11.9955],[-0.9896  0.9896]
36,Al1La3,"CUB
",221,128.233,5.74561,[ 5.042743  5.042743  5.042743 90.       90.       90.      ],,4,-4.67064,-0.000184585,1.87294,12,[34.7872 30.8001 30.7993 31.8368],[-1.2544  0.4526  0.4526  0.3492]
37,Al13Os4,"MCLC
",12,262.665,7.02717,[ 9.097704  9.097704  7.801887 64.9726   64.9726   26.85444 ],,17,-5.21367,-0.000121081,1.24204,71,"[ 7.0327  9.0772  9.0778  8.9376  8.9376  9.6735  9.6735  7.2878  7.2878
  7.4531  7.4068  7.3634  7.3634 40.5395 40.5395 37.5007 37.4907]","[ 1.7309  1.402   1.402   1.4831  1.4831  1.4436  1.4436  1.732   1.732
  1.7106  1.7158  1.7744  1.7744 -5.5249 -5.5249 -4.8901 -4.8876]"
38,Ba1Pt1Si3,"BCT
",107,99.4777,6.95541,[  5.94831   5.94831   5.94831 136.2066  136.2066   63.66107],,5,-4.9547,-0.00037166,1.31072,24,,
39,La1Ni2P2,"BCT
",139,77.3271,6.83381,[  5.581969   5.581969   5.581969 137.8948   137.8948    61.0641  ],,5,-4.86941,-0.000405896,1.65989,33,,
40,Ge1,"FCC
",225,19.3525,6.22858,[ 3.013589  3.013589  3.013589 60.       60.       60.      ],0.329471,1,-4.17456,-0.00060197,2.03197,4,,
41,C1Mo1,"HEX
",187,21.1785,8.46408,[  2.933277   2.933277   2.842253  90.        90.       120.0008  ],,2,-8.68432,-1.3005e-05,1.39976,10,[ 9.5403 11.6382],[-1.262  1.262]
42,Ga41Mo8,"RHL
",148,867.747,6.94021,[ 9.57662  9.57662  9.57662 94.97431 94.97431 94.97431],,49,-3.45715,-2.26639e-05,1.79473,171,"[20.2258 20.4217 16.7599 16.7599 16.7599 17.1666 17.1666 17.1666 17.1666
 17.1666 17.1666 17.26   17.26   17.26   17.26   17.26   17.26   17.6577
 17.6582 17.6577 17.6582 17.6577 17.6577 18.0042 18.0042 18.0047 18.0042
 18.0042 18.0042 18.4632 18.4632 18.4632 18.4632 18.4632 18.4632 18.1679
 18.1679 18.1679 18.1679 18.1679 18.1679 17.4775 17.4775 16.9241 16.9241
 16.9241 16.9241 16.9241 16.9241]","[-0.0473 -0.3995 -0.018  -0.018  -0.018   0.0525  0.0525  0.0525  0.0525
  0.0525  0.0525  0.0497  0.0497  0.0497  0.0497  0.0497  0.0497  0.0007
  0.0006  0.0007  0.0006  0.0007  0.0007  0.0142  0.0142  0.0142  0.0142
  0.0142  0.0142 -0.0165 -0.0165 -0.0165 -0.0165 -0.0165 -0.0165 -0.009
 -0.009  -0.009  -0.009  -0.009  -0.009   0.0233  0.0233 -0.0159 -0.0159
 -0.0159 -0.0159 -0.0159 -0.0159]"
43,B12Sc1,"BCT
",139,102.312,2.83501,[  5.247682   5.247682   5.247682 119.9174   119.9174    90.14314 ],,13,-6.77665,3.03815e-05,4.40812,39,"[7.8317 7.5968 7.5968 7.8317 7.5872 7.5809 7.8605 7.5798 7.8794 7.6231
 7.7813 7.775  9.7883]","[-0.1872 -0.1207 -0.1207 -0.1872 -0.1114 -0.1098 -0.2018 -0.1147 -0.2039
 -0.126  -0.1722 -0.1706  1.8262]"
44,Ag1La1,"CUB
",221,57.373,7.14234,[ 3.856878  3.856878  3.856878 90.       90.       90.      ],,2,-2.75942,0.00021656,1.5398,14,[30.0554 27.3176],[-1.1183  1.1183]
45,Mo6Se8,"RHL
",148,312.577,6.41379,[ 6.790159  6.790159  6.790159 91.8342   91.8342   91.8342  ],,14,-5.94442,0.000161762,1.92697,84,"[14.8595 14.8607 14.8691 14.8607 14.8667 14.8643 29.7465 29.7691 27.314
 27.3128 27.314  27.3128 27.314  27.3128]","[ 0.795   0.7948  0.7922  0.7948  0.7931  0.7938 -0.5031 -0.5032 -0.6263
 -0.6262 -0.6263 -0.6262 -0.6263 -0.6262]"
46,Tl3Y1,"CUB
",221,108.328,10.7611,[ 4.767021  4.767021  4.767021 90.       90.       90.      ],-0.935694,4,-3.62151,-0.000415777,0.689593,12,[28.5515 29.6408 30.7901 19.3458],[-0.3606 -0.4673 -0.579   1.4069]
47,Au1Lu1,"CUB
",221,43.9242,14.0608,[ 3.528319  3.528319  3.528319 90.       90.       90.      ],,2,-3.73691,0.000192555,0.556919,28,[27.96   15.9641],[-1.5474  1.5474]
48,Hg1Mg1,"CUB
",221,42.6851,8.74888,[ 3.494826  3.494826  3.494826 90.       90.       90.      ],-0.439684,2,-1.16682,-4.0185e-05,0.862431,14,[34.7611  7.924 ],[-1.4442  1.4442]
49,Au5Ba1,"HEX
",191,135.907,13.7108,[  5.835885   5.835905   4.607825  90.        90.       119.9999  ],,6,-1.83148,-0.000127387,0.558576,57,[21.1308 21.1883 22.7884 22.7382 22.0599 26.0017],[-0.2865 -0.2931 -0.3061 -0.3012 -0.2148  1.4018]
50,Ir5La1,"HEX
",191,106.805,17.1022,[  5.352734   5.352734   4.304218  90.        90.       119.9964  ],,6,-6.04669,-0.000289967,0.458824,48,[16.5783 16.5875 18.0442 18.3507 17.8427 19.4016],[-0.2962 -0.2983 -0.3602 -0.4247 -0.2897  1.669 ]
51,B6La1,"CUB
",221,72.4373,4.67108,[ 4.168574  4.168574  4.168574 90.       90.       90.      ],,7,-6.92564,-0.000248299,2.40175,21,[ 8.4587  8.9742  9.2955  8.78    8.6744  8.1593 20.0953],[-0.217  -0.356  -0.4714 -0.3324 -0.2511 -0.1123  1.7402]
52,Au1Ga40Mo8,"RHL
",148,869.948,7.1655,[ 9.579694  9.579694  9.579694 94.65058  94.65058  94.65058 ],,49,-3.45338,-0.000185466,1.67681,179,"[24.798  20.4104 16.8691 16.8691 16.8691 17.2858 17.2858 17.2858 17.2858
 17.2858 17.2858 17.2301 17.2301 17.2301 17.2301 17.2301 17.2301 17.7951
 17.7953 17.7951 17.7953 17.7951 17.7951 18.034  18.034  18.034  18.034
 18.034  18.0342 17.8611 17.8611 17.8611 17.8611 17.8611 17.8611 18.2233
 18.2233 18.2233 18.2233 18.2233 18.2233 17.0549 17.0549 16.9077 16.9077
 16.9077 16.9077 16.9077 16.9077]","[-0.6883 -0.3884 -0.0288 -0.0288 -0.0288  0.0411  0.0411  0.0411  0.0411
  0.0411  0.0411  0.0494  0.0494  0.0494  0.0494  0.0494  0.0494 -0.0018
 -0.0018 -0.0018 -0.0018 -0.0018 -0.0018  0.001   0.001   0.001   0.001
  0.001   0.001   0.0876  0.0876  0.0876  0.0876  0.0876  0.0876 -0.0118
 -0.0118 -0.0118 -0.0118 -0.0118 -0.0118  0.0773  0.0773  0.0026  0.0026
  0.0026  0.0026  0.0026  0.0026]"
53,Au2In1Y1,"FCC
",225,84.8989,11.6896,[ 4.933317  4.933317  4.933317 60.       60.       60.      ],,4,-3.59028,-0.000334363,0.72052,28,[24.3492 24.3707 20.8693 15.3098],[-0.9586 -0.961   0.2409  1.6787]
54,B12Y1,"FCC
",225,105.356,3.44582,[ 5.301408  5.301408  5.301408 60.       60.       60.      ],-83.4873,13,-6.91926,-6.70731e-05,3.60061,39,"[ 7.736   7.841   7.7039  7.9169  7.6054  7.5008  7.9733  7.7327  7.6834
  7.6054  7.7327  7.7126 12.6116]","[-0.1573 -0.1837 -0.1391 -0.1999 -0.115  -0.0769 -0.2262 -0.1416 -0.1378
 -0.115  -0.1416 -0.1425  1.7766]"
55,La1Rh2Si2,"BCT
",139,88.2393,7.54414,[  5.941022   5.941022   5.941022 139.3232   139.3232    58.88238 ],,5,-5.7511,-4.518e-06,1.49667,29,[20.5518 18.6796 18.7015 14.9285 15.3779],[ 1.5083 -0.8844 -0.889   0.1734  0.0918]
56,In3La1,"CUB
",221,109.167,7.35244,[ 4.779302  4.779302  4.779302 90.       90.       90.      ],,4,-3.60793,-1.6135e-05,1.5198,12,[28.9783 27.2421 27.7015 25.2456],[-0.4532 -0.2788 -0.322   1.0541]
57,Au1In2,"FCC
",225,73.4252,9.64788,[ 4.700239  4.700239  4.700239 60.       60.       60.      ],,3,-2.36786,-0.000138277,0.941469,17,[25.9775 23.7056 23.7421],[-0.885   0.4441  0.4409]
58,Ca1Pb1,"TET
",123,60.9316,6.739,[ 3.61999   3.61999   4.649735 90.       90.       90.      ],-1.04641,2,-3.3765,0.00020516,1.10245,6,[16.9429 43.9887],[ 1.2336 -1.2336]
59,Hg1,"RHL
",166,28.2002,11.8115,[ 3.095243  3.095243  3.095243 78.97974  78.97974  78.97974 ],0.017891,1,-0.282056,3.168e-05,0.612249,12,[28.2002],[-0.]
60,Te1,"RHL
",166,32.7257,6.47457,[ 3.198653  3.198653  3.198653 90.24578  90.24578  90.24578 ],0.044244,1,-3.0971,-0.00022027,1.78051,6,[32.7257],[0.]
61,Ga3Sc1,"CUB
",221,71.5259,5.90072,[ 4.151016  4.151016  4.151016 90.       90.       90.      ],,4,-3.53468,-0.000505273,2.13018,12,[19.8951 20.0444 19.7125 11.8739],[-0.4855 -0.5077 -0.4591  1.4523]
62,Sn3Th1,"CUB
",221,115.772,8.43536,[ 4.873799  4.873799  4.873799 90.       90.       90.      ],,4,-4.7306,-0.00019249,-0.000468977,16,[29.1528 29.9885 28.3171 28.2266],[-0.4178 -0.5025 -0.3331  1.2534]
63,Na1Pb3,"CUB
",221,120.422,8.88844,[ 4.938204  4.938204  4.938204 90.       90.       90.      ],-0.471115,4,-3.22542,4.33025e-05,0.79391,13,[10.8461 37.4264 35.4614 36.6884],[ 0.7597 -0.3191 -0.1763 -0.2643]
64,Cu1Mo6Se8,"RHL
",148,313.256,6.73674,[ 6.804225  6.804225  6.804225 93.42887  93.42887  93.42887 ],,15,-5.67627,3.21307e-05,1.83473,95,"[16.8984 14.8445 14.8382 14.8377 14.8424 14.8377 14.8403 25.6433 25.6433
 26.0053 26.0048 26.0053 26.0048 26.0053 26.0048]","[ 0.4205  0.7748  0.7767  0.7767  0.7755  0.7767  0.7759 -0.6059 -0.6059
 -0.6442 -0.6442 -0.6442 -0.6442 -0.6442 -0.6442]"
65,Si2Th1,"HEX
",191,65.0194,7.36062,[  4.223405   4.223188   4.209365  90.        90.       120.0017  ],,3,-6.2326,0.000157193,-0.000263339,12,[20.2987 19.5189 25.2017],[-0.8    -0.6342  1.4342]
66,Al1Sb1,"FCC
",216,60.5593,4.07823,[ 4.407902  4.407902  4.407902 60.       60.       60.      ],-0.564176,2,-4.09853,6.119e-05,2.82116,8,[13.3278 47.2315],[ 1.4971 -1.4971]
67,B6Y1,"CUB
",221,68.9709,3.70206,[ 4.10099  4.10099  4.10099 90.      90.      90.     ],-42.9469,7,-7.05855,-3.04429e-06,3.33511,21,[ 9.0286  8.9717  9.0326  8.7584  8.6033  9.0565 15.5198],[-0.3245 -0.3592 -0.3261 -0.2876 -0.2306 -0.3316  1.8594]
68,Al1Zr3,"CUB
",221,84.1263,5.93426,[ 4.381712  4.381712  4.381712 90.       90.       90.      ],-1.2016,4,-7.64378,0.000378072,2.04656,15,[22.9573 20.1769 20.112  20.8801],[-0.9938  0.3692  0.3799  0.2447]
69,La1Os4P12,"BCC
",204,269.826,7.8243,[  7.050744   7.050744   7.050744 109.4712   109.4712   109.4712  ],,17,-6.61747,-0.000367289,1.14216,95,"[19.4343 17.1945 17.1987 17.1945 17.1945 15.066  15.1935 15.1935 15.0791
 15.066  15.1935 15.2067 15.066  15.1935 15.0791 15.066  15.1935]","[ 1.6882 -0.1022 -0.1129 -0.1022 -0.1022 -0.0969 -0.1138 -0.1138 -0.0985
 -0.0969 -0.1138 -0.1154 -0.0969 -0.1138 -0.0985 -0.0969 -0.1138]"
70,Ag1Te3,"RHL
",160,116.725,6.98028,[  5.329636   5.333421   5.333421 109.4856   109.4568   109.4568  ],,4,-2.51913,0.00015706,1.64819,29,[22.1709 31.518  31.518  31.518 ],[ 0.1569 -0.0523 -0.0523 -0.0523]
71,Mo8P5,"MCL
",6,190.196,8.05307,[ 3.220177  6.582338  9.51855  70.50925  90.       90.      ],,13,-7.48754,0.000100872,1.47681,73,"[14.4129 14.4605 14.2194 14.2699 14.293  15.1031 14.3262 15.4179 15.0035
 14.8143 15.0584 14.1631 14.6497]","[ 0.5669  0.4716  0.5805  0.5524  0.566   0.5785  0.6454  0.5605 -0.8961
 -0.9105 -0.9208 -0.8552 -0.9392]"
72,Si1,"HEX
",191,15.0998,3.0886,[  2.652877   2.652877   2.477451  90.        90.       120.      ],0.308396,1,-5.11533,0.00026589,3.76697,4,[15.0998],[-0.]
73,La1Pt2Si2,"BCT
",139,92.3363,10.525,[  5.827086   5.827086   5.827086 136.567    136.567     63.10488 ],,5,-5.58131,-5.5658e-05,0.79864,31,[20.4645 21.412  21.424  14.7844 14.2514],[ 1.5857 -1.1649 -1.1672  0.3218  0.4247]
74,C1Si1,"FCC
",216,20.9947,3.17137,[ 3.096527  3.096527  3.096527 60.       60.       60.      ],-0.413945,2,-7.52966,6.175e-05,3.6649,8,[15.7343  5.2604],[-2.5975  2.5975]
75,Hg2Na1,"HEX
",191,76.9756,9.15032,[  5.193419   5.193419   3.295207  90.        90.       119.9925  ],-0.714956,3,-0.87674,-0.000135053,0.80795,25,[33.3749 32.6856 10.915 ],[-0.4221 -0.3662  0.7884]
76,Al1,"FCC
",225,16.4732,2.71981,[ 2.856038  2.856038  2.856038 60.       60.       60.      ],5e-06,1,-3.74356,-1.659e-05,4.42102,3,[16.4589],[0.]
77,N5Nb4,"BCT
",87,103.211,7.10577,[  5.346401   5.346401   5.346401  99.35907   99.35907  132.4353  ],,9,-9.47997,0.000118354,1.67438,45,[11.7789 11.7928 11.7909 11.777  12.8082 10.8218 10.8214 10.8104 10.8094],[-1.6489 -1.6511 -1.6536 -1.6514 -1.5513  2.0371  2.0372  2.0408  2.0411]
78,C1Ta1,"HEX
",187,23.7382,13.4979,[  3.077104   3.077104   2.894917  90.        90.       120.0006  ],,2,-9.80862,-0.00102487,0.625347,9,,
79,Hg1In1,"RHL
",166,52.7245,9.93372,[ 4.981523  4.981523  4.981523 43.29534  43.29534  43.29534 ],,2,-1.44668,-7.1035e-05,0.839429,15,[28.469  24.2555],[-0.3904  0.3904]
80,Tl1,"BCT
",139,30.4457,11.1465,[  3.538879   3.538879   3.538879 121.7853   121.7853    86.93465 ],0.019456,1,-2.34298,-5.9e-07,0.629955,3,[30.4457],[-0.]
81,Ce1Co1In5,"TET
",123,163.553,7.84975,[ 4.626468  4.626468  7.641169 90.       90.       90.      ],,7,-3.21094,-0.000139413,1.43626,28,[23.9216 17.6429 25.9433 24.2289 24.2289 23.7939 23.7939],[ 1.0272 -0.6315 -0.3452 -0.0397 -0.0397  0.0145  0.0145]
82,Pb3Th1,"CUB
",221,123.233,11.5026,[ 4.976328  4.976328  4.976328 90.       90.       90.      ],,4,-4.58417,-0.000589125,-0.000499397,16,[32.4799 30.4157 31.447  28.8904],[-0.5422 -0.3438 -0.4429  1.3289]
83,Ce1In3,"CUB
",221,101.571,7.92218,[ 4.66577  4.66577  4.66577 90.      90.      90.     ],,4,-3.2718,0.00108827,1.40117,13,[24.0169 24.858  25.8443 26.8519],[ 0.9949 -0.2191 -0.3312 -0.4446]
84,Ga3Zr1,"BCT
",139,69.6046,7.16731,[  5.327655   5.327655   5.327655 136.9519   136.9519    62.51209 ],,4,-4.43047,5.518e-05,1.74064,13,[17.7867 17.9733 17.9686 15.876 ],[-0.42   -0.3398 -0.3389  1.0988]
85,Cu4K1S3,"TET
",123,141.114,4.58294,[ 3.898667  3.898667  9.284071 90.       90.       90.      ],,8,-3.25583,3.31125e-06,2.64618,63,[12.7531 12.7531 12.7794 12.7794 20.4113 19.0102 25.1328 25.4948],[ 0.4574  0.4574  0.4558  0.4558  0.806  -0.8156 -0.9022 -0.9149]
86,Sb1Sn1,"RHL
",166,60.683,6.57944,[ 4.433322  4.433322  4.433322 59.33692  59.33692  59.33692 ],,2,-3.89329,-1.148e-05,1.73578,9,[32.5318 28.1285],[-0.2339  0.2339]
87,Pb1,"FCC
",225,31.5447,10.9072,[ 3.546611  3.546611  3.546611 60.       60.       60.      ],0.000878,1,-3.70419,3.674e-05,0.637137,4,[31.5447],[0.]
88,Hf5Re24,"BCC
",217,470.227,18.9325,[  8.484829   8.484829   8.484829 109.4712   109.4712   109.4712  ],,29,-9.83564,3.05521e-05,0.424232,188,"[13.3554 12.6285 12.6285 12.5882 12.6285 16.7746 16.7746 16.7569 16.7733
 16.7746 16.7746 16.7733 16.7569 16.7733 16.7569 16.7746 16.7746 17.0442
 17.2357 17.2268 17.1034 17.6552 17.0857 17.1034 16.6524 17.1034 16.961
 17.2508 16.738 ]","[ 1.5467  1.553   1.553   1.5604  1.553  -0.2372 -0.2372 -0.2304 -0.2356
 -0.2372 -0.2372 -0.2356 -0.2304 -0.2356 -0.2304 -0.2372 -0.2372 -0.3993
 -0.4574 -0.4537 -0.4119 -0.599  -0.4067 -0.4119 -0.2631 -0.4119 -0.3636
 -0.4697 -0.2971]"
89,S8V6,"MCL
",11,284.788,3.27766,[  9.505885   9.483733   3.619312  90.        90.       119.2124  ],,14,-6.3118,0.000429021,3.71672,78,"[28.4302 28.9967 28.8679 28.4302 28.9967 28.8679 21.2885 21.2885 11.2945
 11.1185 10.7709 11.2945 11.1185 10.7709]","[-1.0266 -1.0323 -1.0208 -1.0266 -1.0323 -1.0208 -1.1601 -1.1601  1.382
  1.4045  1.4544  1.382   1.4045  1.4544]"
90,C1Mo2,"HEX
",187,39.9785,8.46877,[  2.899544   2.899624   5.490612  90.        90.       119.9991  ],,3,-7.87137,-1.99e-05,1.40078,16,[ 9.4838 15.5756 14.9191],[-1.291   0.581   0.7099]
91,Ir1Nb1,"TET
",123,32.0848,14.7566,[ 2.875453  2.875453  3.880494 90.       90.       90.      ],,2,-7.80534,0.00014472,0.581774,14,[19.1186 12.9662],[-1.2444  1.2444]
92,Sr1,"HEX
",191,54.7735,2.65633,[  4.072151   4.072151   3.814099  90.        90.       120.      ],0.22228,1,-1.46129,0.0004991,4.6791,2,[54.7735],[-0.]
93,La1Tl3,"CUB
",221,117.682,10.6112,[ 4.90046  4.90046  4.90046 90.      90.      90.     ],,4,-3.302,-3.1595e-05,0.706503,12,[26.1523 31.0371 30.0109 30.4818],[ 1.1882 -0.4424 -0.3516 -0.3942]
94,Co1Ti1,"CUB
",221,29.8609,5.9409,[ 3.102424  3.102424  3.102424 90.       90.       90.      ],,2,-4.62373,0.000847655,2.09677,13,[18.6863 11.1746],[-1.3251  1.325 ]
95,La1,"FCC
",225,38.8255,5.9409,[  3.798935   3.798935   3.798935 119.9012   119.9012    90.17121 ],,1,-4.77252,-0.00037543,1.79914,3,[38.8255],[-0.]
96,As2Te3,"RHL
",166,146.347,6.04367,[10.33822 10.33822 10.33822 22.86157 22.86157 22.86157],-0.038775,5,-3.75349,0.000113486,1.95505,28,[21.4912 21.4914 30.5956 36.4028 36.3556],[ 0.1738  0.1738 -0.1795 -0.0849 -0.0833]
97,Be1,"BCC
",229,7.83305,1.91051,[  2.16696   2.16696   2.16696 109.4712  109.4712  109.4712 ],0.098412,1,-3.64229,-0.00016649,6.81127,2,[7.833],[-0.]
98,Sn3Yb1,"CUB
",221,111.328,7.89209,[ 4.810621  4.810621  4.810621 90.       90.       90.      ],,4,-3.45221,0.000398488,1.30866,28,[30.4236 30.8779 30.9144 19.0691],[-0.3496 -0.3927 -0.3979  1.1402]
99,La3Ni4Si4,"ORCI
",71,204.661,6.19732,[ 12.15142  12.15142  12.15142 159.9755  160.5329   28.06933],,11,-4.68415,-9.44373e-05,1.80195,65,"[22.2864 21.5211 21.5211 17.6068 17.6069 14.3437 14.3434 16.5793 16.5793
 21.376  20.8918]","[ 1.4203  1.4484  1.4484 -0.7097 -0.7097 -0.559  -0.559  -0.1767 -0.1767
 -0.7661 -0.6604]"
100,Lu1Pd2Sn1,"FCC
",225,73.1254,11.5007,[ 4.693835  4.693835  4.693835 60.       60.       60.      ],,4,-4.21252,-0.00032671,0.891991,41,[14.2221 19.3717 19.3863 20.1453],[ 1.5324 -0.8115 -0.8138  0.093 ]
101,Gd1Mo6S8,"RHL
",148,279.705,5.87364,[ 6.540291  6.540291  6.540291 89.32149  89.32149  89.32149 ],,15,-7.238,-1.7706e-05,1.93936,94,"[18.1857 13.9926 13.9918 13.9991 13.9983 13.9926 13.9926 21.7925 21.7925
 22.3308 22.3308 22.3308 22.325  22.325  22.325 ]","[ 1.8642  0.905   0.9052  0.903   0.9033  0.905   0.9049 -0.8609 -0.8609
 -0.9282 -0.9282 -0.9282 -0.928  -0.928  -0.928 ]"
102,Pb3Sr1,"CUB
",221,127.311,9.2505,[ 5.038034  5.038034  5.015832 90.       90.       90.      ],-1.43922,4,-3.5595,8.62925e-05,0.79452,14,[36.2694 34.3904 35.3011 21.3499],[-0.4749 -0.328  -0.3994  1.2023]
103,Ga2Y1,"HEX
",191,62.877,6.03136,[  4.212044   4.211788   4.09271   90.        90.       120.002   ],,3,-4.41188,3.95367e-05,2.06479,9,[22.7605 22.1275 17.9892],[-0.7929 -0.6855  1.4784]
104,B6Th1,"CUB
",221,71.9518,6.85196,[ 4.15924  4.15924  4.15924 90.      90.      90.     ],,7,-6.98514,-0.000281046,-0.000291417,22,[ 8.1702  8.6449  8.3524  7.8777  8.9587  8.4843 21.4636],[-0.2531 -0.3961 -0.2867 -0.1437 -0.5159 -0.373   1.9684]
105,Ga2Pt1,"FCC
",225,52.9912,10.484,[ 4.216054  4.216054  4.216054 60.       60.       60.      ],,3,-3.43621,-7.337e-05,0.863583,16,[14.6586 14.6591 23.6735],[ 0.6451  0.6451 -1.2902]
106,Pb1Te1,"FCC
",225,70.4799,7.88804,[ 4.636535  4.636535  4.636535 60.       60.       60.      ],-0.816708,2,-3.83156,0.000224925,1.03815,10,[29.4739 41.0061],[ 0.6474 -0.6474]
107,La3Pd4Si4,"ORCI
",71,227.403,6.9711,[ 12.71866  12.71866  12.71866 160.665   160.4899   27.60272],,11,-5.13432,-0.000191229,1.6067,65,"[22.7115 22.1507 22.1507 23.469  23.4689 19.3543 19.3548 15.8414 15.8414
 21.2318 21.8216]","[ 1.4917  1.535   1.535  -1.0635 -1.0635 -0.8107 -0.8108  0.1529  0.1529
 -0.4969 -0.6221]"
108,Ba6C60,"BCC
",204,720.833,3.55829,[  9.783304   9.783304   9.783304 109.4712   109.4712   109.4712  ],10.9229,66,-8.39273,6.13386e-05,3.15646,252,"[26.8068 26.8068 26.8068 26.8068 26.8068 26.8068  9.5973  9.94    9.5979
  9.9395  9.9395  9.5979  9.9395  9.5967  9.5979  9.94    9.5979  9.9395
  9.1738  9.1527  9.2116  9.199   9.199   9.2122  9.1618  9.1738  9.2122
  9.199   9.1738  9.1498  9.1738  9.1635  9.2122  9.199   9.199   9.2128
  9.1532  9.1738  9.2128  9.199   9.1738  9.1521  8.9627  8.9678  9.2402
  9.2402  9.2402  9.2402  8.965   8.9633  9.2402  9.2402  8.9633  8.9804
  8.9627  8.9799  9.2408  9.2402  9.2402  9.2408  8.9644  8.9633  9.2402
  9.2402  8.9633  8.965 ]","[ 1.3199  1.3199  1.3199  1.3199  1.3199  1.3199 -0.1667 -0.2788 -0.1674
 -0.2788 -0.2788 -0.1671 -0.2788 -0.1669 -0.1674 -0.2788 -0.1674 -0.2788
 -0.0952 -0.0914 -0.1149 -0.1041 -0.1041 -0.1152 -0.0915 -0.0952 -0.115
 -0.1041 -0.0952 -0.0907 -0.0952 -0.0923 -0.1156 -0.1041 -0.1041 -0.1154
 -0.0909 -0.0952 -0.115  -0.1041 -0.0952 -0.0908 -0.0563 -0.0774 -0.17
 -0.164  -0.164  -0.17   -0.0768 -0.0564 -0.17   -0.164  -0.0564 -0.0781
 -0.0563 -0.078  -0.17   -0.164  -0.164  -0.17   -0.0766 -0.0564 -0.17
 -0.164  -0.0564 -0.0772]"
109,La1S1,"FCC
",225,51.9988,5.45965,[ 4.18957  4.18957  4.18957 60.      60.      60.     ],,2,-6.49261,-2.37e-05,1.9872,9,[23.8685 28.1303],[ 1.5019 -1.5019]
110,Cr1,"BCC
",229,11.8709,7.27339,[  2.489056   2.489056   2.489056 109.475    109.475    109.4637  ],,1,-5.5648,0.0005775,1.70656,6,[11.8709],[0.]
111,Ba8Si46,"CUB
",223,1121.88,3.53839,[10.39079 10.39079 10.39079 90.      90.      90.     ],-5.82298,54,-5.01308,7.11626e-05,3.19378,200,"[23.2759 23.2759 27.3568 27.3568 27.3568 27.3568 27.3568 27.3568 19.9086
 19.8991 19.8991 19.8991 19.9086 19.9086 19.3048 19.3048 18.8997 19.3048
 18.8997 18.8997 19.3048 18.8997 19.3048 19.3048 19.3048 19.3048 18.8997
 18.8997 18.8997 18.8997 20.8001 19.708  19.708  20.8096 19.708  20.8001
 20.8001 19.708  19.708  20.8001 20.8001 19.708  20.8001 19.708  20.8096
 19.708  19.708  20.8001 20.8001 19.708  20.8096 19.708  20.8001 19.708 ]","[ 1.1193  1.1193  1.2259  1.2259  1.2259  1.2259  1.2259  1.2259 -0.1337
 -0.1333 -0.1333 -0.1333 -0.1337 -0.1337 -0.197  -0.197  -0.1058 -0.197
 -0.1058 -0.1058 -0.197  -0.1058 -0.197  -0.197  -0.197  -0.197  -0.1058
 -0.1058 -0.1058 -0.1058 -0.3465 -0.1843 -0.1843 -0.3468 -0.1843 -0.3465
 -0.3465 -0.1843 -0.1843 -0.3465 -0.3465 -0.1843 -0.3465 -0.1843 -0.3468
 -0.1843 -0.1843 -0.3465 -0.3465 -0.1843 -0.3468 -0.1843 -0.3465 -0.1843]"
112,La1Ru3Si2,"HEX
",191,101.57,8.14634,[  5.724787   5.72457    3.578809  90.        90.       120.0012  ],,6,-6.141,0.000173045,1.40568,35,[20.5707 18.7608 18.8342 18.9146 12.2448 12.2448],[ 1.5523 -0.7611 -0.7755 -0.7896  0.387   0.387 ]
113,Ga1,"BCT
",139,18.4496,6.27661,[  3.022234   3.022234   3.022234 123.2972   123.2972    84.37811 ],,1,-2.40699,1.748e-05,2.01064,3,[18.4496],[-0.]
114,O2,"RHL
",166,44.4495,1.19541,[ 4.413887  4.413887  4.413887 48.64283  48.64283  48.64283 ],-0.862332,2,-4.93739,0.00125766,9.70279,12,[22.6166 21.8329],[-0.1133  0.1133]
115,Ca1Ir1Si3,"BCT
",107,86.8579,6.05189,[  5.761692   5.761692   5.761692 137.3236   137.3236    61.94056 ],,5,-5.5177,9.8e-06,1.44704,23,[13.2071 26.7942 17.6464 14.6043 14.6015],[ 1.3531 -2.3115 -0.1114  0.5347  0.5351]
116,Ga3Lu1,"CUB
",221,74.6818,8.54215,[ 4.211191  4.211191  4.211191 90.       90.       90.      ],,4,-3.44348,-0.000234053,1.20634,26,[19.6049 19.3964 19.8439 15.8367],[-0.4204 -0.3892 -0.4541  1.2637]
117,Nb1Te2,"HEX
",164,85.6132,6.75181,[  3.700508   3.700508   7.219137  90.00043   89.99957  119.9995  ],,3,-5.33566,-0.00074376,1.72364,17,,
118,As1,"CUB
",221,20.4262,6.09072,[ 2.733564  2.733564  2.733564 90.       90.       90.      ],0.111626,1,-4.5407,8.8e-07,2.07204,5,[20.4262],[-0.]
119,Cu1Y1,"CUB
",221,42.8513,5.90769,[ 3.499356  3.499356  3.499356 90.       90.       90.      ],,2,-4.54627,0.00047187,2.07764,14,[24.7433 18.1081],[-1.3617  1.3617]
120,Au1V3,"CUB
",221,64.7258,8.97389,[ 4.015063  4.015063  4.015063 90.       90.       90.      ],,4,-5.11389,0.000258003,1.00421,26,[23.7796 13.4367 13.8655 13.644 ],[-1.7688  0.6288  0.5496  0.5905]
121,Pd2Sn1Y1,"FCC
",225,78.5272,8.88971,[ 4.806678  4.806678  4.806678 60.       60.       60.      ],,4,-4.7519,-0.000216495,1.31536,27,[20.491  20.4981 22.5764 14.9532],[-0.7641 -0.7651 -0.0884  1.6177]
122,Hg2Mg1,"BCT
",139,67.8455,10.4139,[  5.245232   5.245232   5.245232 136.3584   136.3584    63.4267  ],-0.371755,3,-0.855216,-0.000175083,0.710023,26,[29.3493 30.0057  8.4905],[-0.6755 -0.7609  1.4364]
123,Hf1,"FCC
",225,22.4196,13.2201,[ 3.165055  3.165055  3.165055 60.       60.       60.      ],0.071367,1,-9.88133,0.00018126,0.639465,4,[22.4196],[0.]
124,P1,"CUB
",221,14.6074,3.52104,[ 2.444504  2.444504  2.444508 90.       90.       89.99438 ],0.052752,1,-5.27139,-0.00052415,3.39565,5,,
125,Nb1Se2,"RHL
",160,73.3591,5.67765,[ 7.214923  7.21499   7.214923 28.0501   28.05004  28.0501  ],,3,-6.02185,-0.000102433,2.19981,17,[15.1302 29.1918 29.0372],[ 1.4464 -0.7301 -0.7163]
126,In3Te4,"RHL
",166,222.779,6.37192,[13.9683  13.9683  13.9683  17.81802 17.81802 17.81802],,7,-3.20384,-0.000113189,1.79994,33,[22.3947 22.5969 22.597  41.021  41.0614 36.551  36.5513],[ 0.6868  0.7059  0.7059 -0.4516 -0.4527 -0.5972 -0.5972]
127,Ce1Cu2Ge2,"BCT
",139,91.0813,7.51849,[  5.964189   5.964189   5.964189 138.8124   138.8124    59.66108 ],,5,-4.2101,-5.3548e-05,1.56127,34,[21.7225 14.6282 14.6273 20.2176 19.8857],[ 1.459  -0.1659 -0.1657 -0.5965 -0.5308]
128,Ti1,"FCC
",225,18.8253,4.22516,[ 2.985971  2.985971  2.985971 60.       60.       60.      ],,1,-4.77598,0.00024197,2.96116,4,[18.8253],[0.]
129,Ba6Nb10O30,"TET
",127,656.037,5.65216,[12.77499  12.77499   4.019826 90.       90.       90.      ],,46,-8.23112,-4.62398e-05,2.03122,242,"[20.5542 20.5542 24.2869 24.2869 24.2869 24.2869 10.2262 10.2262  9.8782
  9.8782  9.8782  9.8782  9.8782  9.8782  9.8782  9.8782 15.2232 15.2232
 14.1953 14.1953 14.1953 14.1953 14.5426 14.5426 14.5426 14.5426 14.5426
 14.5426 14.5426 14.5426 13.5649 13.5649 13.5649 13.5649 13.5649 13.5649
 13.5649 13.5649 13.2769 13.2769 13.2769 13.2769 13.2769 13.2769 13.2769
 13.2769]","[ 1.5509  1.5509  1.6527  1.6527  1.6527  1.6527  2.6912  2.6912  2.7284
  2.7284  2.7284  2.7284  2.7284  2.7284  2.7284  2.7284 -1.2045 -1.2045
 -1.2583 -1.2583 -1.2583 -1.2583 -1.2122 -1.2122 -1.2122 -1.2122 -1.2122
 -1.2122 -1.2122 -1.2122 -1.2091 -1.2091 -1.2091 -1.2091 -1.2091 -1.2091
 -1.2091 -1.2091 -1.2638 -1.2638 -1.2638 -1.2638 -1.2638 -1.2638 -1.2638
 -1.2638]"
130,La3Tl1,"CUB
",221,135.245,7.62571,[ 5.133029  5.133029  5.133029 90.       90.       90.      ],,4,-4.39487,-0.000502938,1.19612,12,[32.0428 32.0016 32.0479 39.1527],[ 0.4542  0.4583  0.4539 -1.3664]
131,C1Nb1,"FCC
",225,22.8326,7.6303,[ 3.184369  3.184369  3.184369 60.       60.       60.      ],,2,-9.39087,-0.000509095,1.56066,9,[11.5845 11.2481],[-1.7881  1.7881]
132,As3Sn4,"RHL
",166,189.621,6.12583,[12.70478 12.70478 12.70478 18.98224 18.98224 18.98224],,7,-4.16029,-1.42657e-05,1.92599,31,[27.8854 28.127  28.1271 27.6984 27.7376 25.0093 25.0096],[-0.7384 -0.6773 -0.6773  0.4158  0.4132  0.6321  0.6321]
133,La1Te1,"FCC
",225,69.215,6.39374,[ 4.608629  4.608629  4.608629 60.       60.       60.      ],,2,-5.46106,0.00018551,1.73211,9,[26.6428 42.5722],[ 1.3933 -1.3933]
134,N1V1,"HEX
",187,17.6806,6.09986,[  2.765403   2.765403   2.669631  90.        90.       120.0006  ],,2,-8.47086,3.4475e-05,2.04282,10,[9.2836 8.397 ],[-1.4157  1.4157]
135,Sn1,"BCT
",139,29.1055,6.77156,[  3.374575   3.374575   3.374575 105.4664   105.4664   117.8172  ],,1,-3.64249,2.565e-05,1.69021,4,[29.1055],[-0.]
136,Th1,"FCC
",225,36.7361,10.4885,[  3.734329   3.734329   3.734329 120.1558   120.1558    89.73036 ],,1,-6.48502,0.00017967,-0.000148782,4,[36.7361],[-0.]
137,La1Pb3,"CUB
",221,123.936,10.1896,[ 4.985767  4.985767  4.985767 90.       90.       90.      ],,4,-4.38641,-0.00059372,0.728561,15,[26.5031 33.0901 32.1307 32.2117],[ 1.1842 -0.4497 -0.3638 -0.3706]
138,N1Ti1,"FCC
",225,20.0407,5.12949,[ 3.048897  3.048897  3.048897 60.       60.       60.      ],,2,-8.22392,-2.4995e-05,2.39788,9,[11.7995  8.2412],[-1.8526  1.8526]
139,In1La3,"CUB
",221,134.31,6.57166,[ 5.12117  5.12117  5.12117 90.      90.      90.     ],,4,-4.5084,-0.000237287,1.64817,12,[38.4734 31.0467 32.4532 32.3364],[-1.3154  0.5242  0.39    0.4011]
140,Er1Pd2Sn1,"FCC
",225,77.3765,10.7034,[ 4.783083  4.783083  4.783083 60.       60.       60.      ],,4,-4.29039,-0.000269517,0.983682,38,[15.5317 19.8856 19.8647 22.0945],[ 1.4906 -0.7156 -0.7128 -0.0622]
141,Ir5Th1,"HEX
",191,107.117,18.4961,[  5.341125   5.341125   4.335542  90.        90.       119.9956  ],,6,-6.40845,-0.00018413,-0.000434198,49,[16.8087 16.7868 18.1076 17.5914 17.7196 20.103 ],[-0.4647 -0.4596 -0.4556 -0.3295 -0.4022  2.1117]
142,Au5Sn1,"RHL
",155,112.91,16.2293,[ 5.709227  5.709222  5.709213 53.92452  53.92471  53.92483 ],,6,-1.7462,-8.66433e-05,0.471105,59,[19.1358 19.1154 19.0204 19.001  18.9796 17.6574],[-0.1944 -0.1906 -0.1403 -0.1365 -0.1326  0.7944]
143,Ga1Sb1,"FCC
",216,59.436,5.34982,[ 4.380478  4.380478  4.380478 60.       60.       60.      ],,2,-3.43652,3.6735e-05,2.2082,8,[22.655  36.7719],[ 0.2488 -0.2488]
144,C2La1,"BCT
",139,52.3739,5.1657,[  4.347228   4.347228   4.347228 125.6114   125.6114    80.52769 ],,3,-7.82481,-0.000117247,2.09326,11,[15.0835 15.5963 21.6941],[-0.7516 -1.0203  1.7718]
145,Nb1,"FCC
",225,19.2218,8.02602,[ 3.006791  3.006791  3.006791 60.       60.       60.      ],,1,-8.13771,0.00023143,1.48891,5,[19.2218],[-0.]
146,Ca1Pt1Si3,"BCT
",107,88.5301,5.99141,[  5.769928   5.769928   5.769928 136.9168   136.9168    62.56613 ],,5,-5.02468,0.000216868,1.45622,24,[13.4501 25.9343 17.7657 15.6877 15.6922],[ 1.3706 -1.8702 -0.1512  0.3258  0.325 ]
147,Ag1B2,"HEX
",191,32.4935,6.61734,[  3.022265   3.022265   4.107472  90.        90.       119.9941  ],,3,-4.10123,-8.61633e-05,1.75261,17,[15.2076  8.8049  8.4809],[ 0.3106 -0.2065 -0.1041]
148,N1Nb1,"HEX
",187,22.1922,7.99981,[  2.973963   2.973977   2.897316  90.        90.       119.9998  ],,2,-9.5658,-6.1425e-05,1.48838,10,[10.3633 11.8289],[-1.6114  1.6114]
149,Ru3U1,"CUB
",221,64.3401,13.9687,[ 4.007073  4.007073  4.007073 90.       90.       90.      ],,4,-6.51416,3.68525e-05,-0.000260624,30,[16.4389 15.0194 15.699  17.1828],[-0.6066 -0.2458 -0.4202  1.2726]
150,Bi2Ni3S2,"RHL
",166,126.648,8.62934,[ 5.480898  5.480898  5.480898 63.98706  63.98706  63.98706 ],,7,-3.50735,-0.000162737,0.928932,52,[24.3373 23.9711 12.8322 12.8322 12.8322 19.9307 19.9119],[ 0.4898  0.7153  0.011   0.011   0.011  -0.6195 -0.6186]
151,Au5Ca1,"FCC
",216,121.921,13.9591,[ 5.56585  5.56585  5.56585 60.      60.      60.     ],,6,-1.84053,-8.0905e-05,0.534252,57,[24.5745 20.7149 20.8632 20.8895 20.87   14.0092],[-0.3125 -0.2681 -0.2942 -0.2961 -0.294   1.4649]
152,La1Ru2Si2,"BCT
",139,90.3286,7.30216,[  5.839682   5.839682   5.839682 137.3551   137.3551    61.89215 ],,5,-6.30944,5.6896e-05,1.5564,27,[20.9123 19.4968 19.4854 14.9849 15.4491],[ 1.5628 -0.9762 -0.9734  0.2255  0.1613]
153,Mg2Pb1,"FCC
",225,82.4382,5.15274,[ 4.885187  4.885187  4.885187 60.       60.       60.      ],-0.189283,3,-2.36078,5.81967e-05,1.46224,8,[10.6685 10.6678 61.1019],[ 1.343  1.343 -2.686]
154,C2Y1,"BCT
",139,42.0253,4.4621,[  4.048398   4.048398   4.048398 125.9068   125.9068    80.04144 ],-0.572262,3,-8.49286,0.000131207,2.70429,11,[13.6467 14.0909 14.2877],[-0.8059 -1.0534  1.8593]
155,Al1Os1,"CUB
",221,27.286,13.217,[ 3.010555  3.010555  3.010555 90.       90.       90.      ],,2,-6.34553,0.00013502,0.61336,11,,
156,La1Rh1Si3,"BCT
",107,91.0724,5.94525,[  5.798374   5.798374   5.798374 136.5379   136.5379    63.14985 ],,5,-5.79467,-2.8452e-05,1.88613,24,[20.9559 20.7067 17.9746 15.7151 15.7151],[ 1.4711 -1.375  -0.3801  0.142   0.142 ]
157,Cd1Mo6Se8,"RHL
",148,321.285,6.82093,[ 6.852014  6.852014  6.852014 91.66917  91.66917  91.66917 ],,15,-5.59216,0.000104675,1.8008,96,"[21.0939 15.0235 15.0173 15.0284 15.0247 15.0259 15.0235 25.5146 25.5146
 26.5037 26.5025 26.5037 26.5025 26.5037 26.5025]","[ 0.7835  0.7617  0.7623  0.7592  0.7603  0.7609  0.7617 -0.5984 -0.5984
 -0.6921 -0.6921 -0.6921 -0.6921 -0.6921 -0.6921]"
158,Bi2Pd1,"BCT
",139,75.85,11.4795,[  6.949509   6.949509   6.949509 151.5836   151.5836    40.6217  ],,3,-3.82641,-7.66467e-05,0.644161,20,[28.0161 27.9876 19.8464],[ 0.2408  0.2444 -0.4852]
159,Al5Re24,"BCC
",217,447.936,17.0664,[  8.348583   8.348583   8.348583 109.4712   109.4712   109.4712  ],,29,-8.57882,0.000259098,0.470645,183,"[ 8.7315  6.8666  6.8666  6.8666  6.8248 16.9001 16.9001 16.9563 16.9667
 16.9563 16.9667 16.9001 16.9001 16.9001 16.9001 16.9667 16.9563 17.2136
 17.3481 17.4695 17.4956 17.4695 17.0346 17.8469 17.2136 16.7147 17.3481
 17.9867 17.4695]","[ 1.4812  1.7852  1.7852  1.7852  1.7937 -0.2576 -0.2576 -0.271  -0.2721
 -0.271  -0.2721 -0.2576 -0.2576 -0.2576 -0.2576 -0.2721 -0.271  -0.3998
 -0.4483 -0.4679 -0.4994 -0.4679 -0.3541 -0.6047 -0.3998 -0.2435 -0.4483
 -0.654  -0.4679]"
160,P3Sn4,"RHL
",166,173.935,5.41959,[12.44235 12.44235 12.44235 18.75208 18.75208 18.75208],,7,-4.41291,-4.22e-05,2.12673,31,[25.4645 25.4646 25.2806 26.0576 26.0045 22.8167 22.8165],[-0.8449 -0.8449 -0.9189  0.5263  0.5299  0.7762  0.7763]
161,Lu1Se1,"FCC
",225,43.9752,9.5885,[ 3.961937  3.961937  3.961937 60.       60.       60.      ],,2,-5.6185,8.6785e-05,0.986013,23,[16.0723 27.903 ],[ 1.5047 -1.5047]
162,Pt1V3,"CUB
",221,61.3621,9.41503,[ 3.944271  3.944271  3.944271 90.       90.       90.      ],,4,-5.99157,1.95325e-05,0.974402,25,[23.4873 12.4824 12.9052 12.4872],[-1.9925  0.6928  0.6072  0.6924]
163,Pb3Yb1,"CUB
",221,120.507,10.9498,[ 4.939364  4.939364  4.939364 90.       90.       90.      ],,4,-3.375,0.00019381,0.662346,28,[32.464  33.1957 34.378  20.4695],[-0.2933 -0.3606 -0.4654  1.1194]
164,C1Ru1,"HEX
",187,19.8485,9.46046,[  2.916496   2.916504   2.694459  90.        90.       119.9999  ],,2,-6.82863,-9.74e-06,1.24519,12,[ 8.2334 11.6151],[-0.7149  0.7149]
165,In1Sb1,"FCC
",216,72.2728,5.43543,[ 4.675521  4.675521  4.675521 60.       60.       60.      ],,2,-3.49051,5.782e-05,2.09547,8,[29.6608 42.612 ],[ 0.4227 -0.4227]
166,Ga1La3,"CUB
",221,125.584,6.43217,[ 5.00777  5.00777  5.00777 90.      90.      90.     ],,4,-4.40921,-0.000173412,1.699,12,[33.6704 30.104  31.1668 30.6424],[-1.3201  0.4965  0.3841  0.4395]
167,Ag1Mo6S8,"RHL
",148,281.663,5.54168,[ 6.558444  6.558444  6.558444 91.82007  91.82007  91.82007 ],,15,-6.07721,2.33593e-05,2.1204,95,,
168,Sb2Te3,"RHL
",166,167.387,6.21311,[10.52383 10.52383 10.52383 23.84847 23.84847 23.84847],-1.10073,5,-3.66068,1.9974e-05,1.84713,28,[27.2513 27.2511 38.7096 38.7301 35.4384],[ 0.5351  0.5352 -0.3041 -0.3049 -0.4614]
169,Bi1Na1,"TET
",123,57.5131,6.69754,[ 3.431413  3.431413  4.884504 90.       90.       90.      ],-0.627272,2,-2.99004,7.1175e-05,1.05659,6,[46.6049 10.9082],[-0.7703  0.7703]
170,Sn1Te1,"FCC
",225,67.155,6.09001,[ 4.562446  4.562446  4.562446 60.       60.       60.      ],,2,-3.70598,3.3835e-05,1.88638,10,[26.9323 40.2227],[ 0.7018 -0.7018]
171,Ag2F1,"HEX
",164,47.4018,8.22304,[  3.103743   3.103688   5.682028  90.00048   90.00002  120.0007  ],,3,-1.76255,-6.83967e-05,1.39659,29,[17.7625 17.7825 11.8567],[ 0.3531  0.3505 -0.7036]
172,Os1,"FCC
",225,14.2766,22.1226,[ 2.722991  2.722991  2.722991 60.       60.       60.      ],,1,-7.89048,0.00014188,0.350259,8,[14.2766],[-0.]
173,S1,"RHL
",166,17.1672,3.10108,[ 2.57972  2.57972  2.57972 90.30339 90.30339 90.30339],,1,-3.50692,-0.00060113,3.74266,6,[17.1672],[-0.]
174,Ba1Si2,"BCT
",139,103.759,3.09674,[  5.600077   5.600077   5.600077 128.8226   128.8226    75.29619 ],0.35687,3,-4.13819,-0.000518623,3.59316,10,,
175,C2Lu1,"BCT
",139,38.5298,8.57593,[  3.940117   3.940117   3.940117 126.154    126.154     79.63526 ],,3,-7.84649,-0.000228277,1.01876,25,,
176,Se1,"RHL
",166,22.549,5.81473,[ 2.826359  2.826359  2.826359 91.65551  91.65551  91.65551 ],0.185618,1,-3.29721,-0.00036809,2.20658,6,[22.549],[-0.]
177,B6Nd1,"CUB
",221,70.4577,4.92805,[ 4.130249  4.130249  4.130249 90.       90.       90.      ],,7,-6.46836,-0.00177481,2.16991,24,[ 8.4363  8.9524  8.7198  8.5231  8.7159  8.3656 18.7447],[-0.2289 -0.3686 -0.2914 -0.2658 -0.2876 -0.2086  1.651 ]
178,Ce1Ir5,"HEX
",191,103.609,17.6493,[  5.251067   5.250829   4.339067  90.        90.       120.0015  ],,6,-5.97382,-0.000156273,0.443834,49,[18.3989 16.5726 16.4737 17.4246 17.2087 17.5301],[ 1.7556 -0.406  -0.3843 -0.3181 -0.2763 -0.3709]
179,Ce1Rh2Si2,"BCT
",139,83.8178,7.96617,[  5.811711   5.811711   5.811711 138.9515   138.9515    59.44888 ],,5,-5.58272,0.000332244,1.40594,30,[19.255  18.1717 18.1727 13.8812 14.3294],[ 1.5331 -0.9295 -0.9298  0.2131  0.1131]
180,Ca1Tl3,"CUB
",221,116.361,9.32139,[ 4.882056  4.882056  4.882056 90.       90.       90.      ],-0.955589,4,-2.5111,-0.000363877,0.771887,11,[16.5979 33.9808 32.8602 32.9223],[ 1.2818 -0.4865 -0.395  -0.4003]
181,Rh1,"FCC
",225,13.944,12.2547,[ 2.70168  2.70168  2.70168 60.      60.      60.     ],,1,-3.82362,-5.93e-06,0.949863,9,[13.944],[-0.]
182,Ce1Pd2Si2,"BCT
",139,88.1681,7.70473,[  5.795562   5.795562   5.795562 137.3948   137.3948    61.83121 ],,5,-4.88177,0.000238108,1.45403,32,[20.056  18.4647 18.4707 15.7537 15.4189],[ 1.5608 -0.7794 -0.7805 -0.0389  0.038 ]
183,Fe1,"FCC
",225,13.3899,6.92584,[ 2.66541  2.66541  2.66541 60.      60.      60.     ],,1,-4.99752,5.993e-05,1.76904,8,[13.3899],[-0.]
184,Ce1,"FCC
",225,28.9211,8.04516,[  3.445555   3.445555   3.445555 120.0072   120.0072    89.98749 ],,1,-3.68305,0.00021589,1.30041,4,[28.9211],[0.]
185,Pb3Y1,"CUB
",221,116.63,10.1159,[ 4.885813  4.885813  4.885813 90.       90.       90.      ],-1.14845,4,-4.68167,-0.000496003,0.726079,15,[32.2223 32.7903 31.5074 20.11  ],[-0.465  -0.5213 -0.397   1.3833]
186,La1Os4Sb12,"BCC
",204,417.599,9.3871,[  8.155687   8.155687   8.155687 109.4712   109.4712   109.4712  ],,17,-5.29318,4.74741e-05,1.05056,95,"[24.6154 22.4467 22.4467 22.5475 22.4467 25.2954 25.206  25.2215 25.2954
 25.2066 25.2954 25.3103 25.206  25.2954 25.2066 25.206  25.3103]","[ 1.507  -0.7594 -0.7594 -0.773  -0.7594  0.1219  0.136   0.1351  0.1219
  0.1359  0.1219  0.121   0.136   0.1219  0.1359  0.136   0.121 ]"
187,Bi1Li1,"TET
",123,47.9255,7.48132,[ 3.369004  3.369004  4.222441 90.       90.       90.      ],-0.772483,2,-3.35747,9.8025e-05,0.919169,6,[43.4564  4.4691],[-0.8525  0.8525]
188,Ru1Ti1,"CUB
",221,30.1801,8.19647,[ 3.113439  3.113439  3.113439 90.       90.       90.      ],,2,-6.14106,-0.00010889,1.46666,12,[20.6555  9.5246],[-1.5383  1.5382]
189,Lu1Pd2Si2,"BCT
",139,82.8163,8.90135,[  5.715121   5.715121   5.715121 137.9519   137.9519    60.97663 ],,5,-5.02995,0.0001764,1.13795,45,[15.1834 18.4443 18.4301 15.0492 15.7002],[ 1.6628 -0.8442 -0.8414  0.0855 -0.0627]
190,Dy1Mo6S8,"RHL
",148,277.456,5.95267,[ 6.522559  6.522559  6.522559 89.45201  89.45201  89.45201 ],,15,-6.61492,-2.54387e-05,1.89707,96,,
191,Re1,"FCC
",225,15.1442,20.4165,[ 2.777073  2.777073  2.777073 60.       60.       60.      ],,1,-9.43038,-2.325e-05,0.389512,7,[15.1442],[0.]
192,Ba1Hg1,"CUB
",221,74.5463,7.52727,[ 4.208642  4.208642  4.208642 90.       90.       90.      ],-1.04534,2,-1.63464,-0.00069823,1.11396,14,[31.9062 42.6401],[ 1.0691 -1.0691]
193,Hf1Rh1,"CUB
",221,34.4555,13.5615,[ 3.254014  3.254014  3.254014 90.       90.       90.      ],,2,-7.80021,0.00014124,0.692712,13,[13.7452 20.7103],[ 1.4979 -1.4979]
194,Cu3Sb1,"FCC
",225,60.5541,8.56643,[ 4.407777  4.407777  4.407777 60.       60.       60.      ],,4,-2.58281,-0.0002278,1.39799,38,[13.7245 12.9146 12.9239 20.9911],[ 0.0019  0.0264  0.0252 -0.0536]
195,C1W2,"HEX
",164,38.6596,16.3097,[  3.081945   3.081945   4.699783  90.00196   89.99804  120.0002  ],,3,-10.0233,-0.00065759,0.506413,16,,
196,Al2Pt1,"FCC
",225,51.6764,8.00292,[ 4.180895  4.180895  4.180895 60.       60.       60.      ],,3,-4.6018,2.27633e-05,1.02406,16,[ 7.8175  7.7776 36.0814],[ 1.8018  1.8054 -3.6071]
197,Pt1Zr1,"CUB
",221,37.4283,12.7024,[ 3.345031  3.345031  3.345031 90.       90.       90.      ],,2,-6.95964,1.6435e-05,0.674749,14,[23.478  13.9504],[-1.5898  1.5898]
198,La1Mo6Se8,"RHL
",148,325.378,6.87036,[ 6.879769  6.879769  6.879769 88.69302  88.69302  88.69302 ],,15,-6.12391,-0.000711248,1.77036,87,,
199,In3Y1,"CUB
",221,99.6286,7.22304,[ 4.635836  4.635836  4.635836 90.       90.       90.      ],,4,-3.98158,-0.0004462,1.59789,12,[26.4146 27.7647 27.0197 18.4296],[-0.3622 -0.5178 -0.4337  1.3138]
200,Ba1Ni2P2,"BCT
",139,91.9382,5.7193,[  6.451894   6.451894   6.451894 144.0762   144.0762    51.71343 ],,5,-4.11114,7.646e-06,2.00451,32,[25.5903 12.5799 12.5821 20.5035 20.6825],[ 1.2751 -0.0304 -0.031  -0.6011 -0.6126]
201,Zr1,"FCC
",225,23.2179,6.52405,[ 3.202179  3.202179  3.202179 60.       60.       60.      ],0.039205,1,-8.5041,0.00022773,1.86339,4,[23.2179],[0.]
202,La3Sn1,"CUB
",221,133.149,6.6772,[ 5.106378  5.106378  5.106378 90.       90.       90.      ],,4,-4.96413,-0.0004263,1.62456,13,[30.8309 30.7396 30.5442 41.0041],[ 0.5097  0.5188  0.5378 -1.5664]
203,Nb1O1,"FCC
",225,22.7296,7.95625,[ 3.179575  3.179575  3.179575 60.       60.       60.      ],,2,-7.95581,0.000128325,1.49532,11,[12.706  10.0236],[ 1.5507 -1.5507]
204,Al2Cu1,"TET
",123,49.3181,3.95652,[ 4.136391  4.136391  2.882461 90.       90.       90.      ],,3,-3.22802,-8.05733e-05,3.08678,17,[14.0195 14.0211 21.2643],[ 0.8868  0.8893 -1.7761]
205,Pt1,"FCC
",225,15.3955,21.0422,[ 2.792348  2.792348  2.792348 60.       60.       60.      ],,1,-3.56467,0.00010119,0.357951,10,[15.3955],[0.]
206,N1Zr1,"HEX
",187,25.2272,6.92637,[  3.150766   3.150742   2.934331  90.        90.       119.9997  ],,2,-9.75027,0.000189885,1.74459,9,[12.1884 13.0388],[-1.6614  1.6614]
207,La1Pd2Si2,"BCT
",139,92.4851,7.32329,[  5.82459   5.82459   5.82459 136.4855  136.4855   63.23066],,5,-5.08723,9.0206e-05,1.54201,31,[21.033  19.1335 19.1272 16.3178 16.8735],[ 1.5535 -0.7456 -0.7447  0.0248 -0.0879]
208,Ce1Ru3Si2,"HEX
",191,101.027,8.21012,[  5.695759   5.689217   3.601372  90.        90.       120.038   ],,6,-6.18906,-1.23983e-05,1.3855,36,[20.2732 18.9    18.8605 18.6601 12.1591 12.1591],[ 1.6099 -0.8316 -0.825  -0.7894  0.4181  0.4181]
209,C8Cs1,"HEX
",191,130.84,2.90624,[  4.974732   4.974727   6.104976  90.        90.       120.0031  ],,9,-8.34526,-2.36178e-05,3.84925,33,[10.5309  9.1759  9.1746 10.5431  9.3534  9.3521 12.6084 11.0488 49.0528],[-0.3886  0.0098  0.0099 -0.3902  0.009   0.0092 -0.1839  0.2153  0.7095]
210,In1N1,"FCC
",225,25.6511,8.33968,[ 3.310348  3.310348  3.310348 60.       60.       60.      ],,2,-5.24527,0.00031977,1.36804,8,[13.3676 12.2835],[ 1.4331 -1.4331]
211,Ca1Hg1,"CUB
",221,55.0089,7.26505,[ 3.803157  3.803157  3.803157 90.       90.       90.      ],-1.11278,2,-1.70712,7.81e-06,1.06156,14,[16.148  38.8609],[ 1.2792 -1.2792]
212,B105,"RHL
",166,816.444,2.30854,[10.11717 10.11717 10.11717 65.27803 65.27803 65.27803],-700.032,105,-6.66697,6.33882e-05,5.43735,315,"[7.509  7.5948 7.4259 7.4443 7.53   7.5554 6.7573 6.7573 6.7573 6.6533
 6.6533 6.6533 7.8833 7.8833 7.8833 7.8832 7.8832 7.8832 7.9105 7.9105
 7.9105 7.9105 7.9105 7.9105 9.1378 9.3166 9.3803 9.2072 9.279  9.3485
 9.1276 9.28   9.0977 9.0582 9.3176 9.1295 7.9497 7.9497 7.9404 7.9382
 7.9474 7.9382 7.9382 7.9474 7.9382 7.9497 7.9497 7.9404 7.3716 7.3716
 7.3717 7.3716 7.3716 7.3717 7.8918 7.8794 7.8919 7.8918 7.887  7.8843
 7.8794 7.887  7.8843 7.8794 7.8794 7.8919 7.3693 7.3713 7.3713 7.091
 7.091  7.091  7.091  7.091  7.091  7.3693 7.3713 7.3693 7.8553 7.8553
 7.8553 7.8553 7.8553 7.8553 7.4218 7.4219 7.4219 7.4218 7.4219 7.4219
 7.5871 7.5871 7.5871 7.5871 7.5871 7.5871 7.5143 7.4869 7.4595 7.5143
 7.4869 7.4595 6.4374 6.4374 9.776 ]","[ 0.0023 -0.0255  0.0292  0.023  -0.0048 -0.0123  0.0675  0.0675  0.0675
  0.1058  0.1058  0.1058 -0.1501 -0.1501 -0.1501 -0.1501 -0.1501 -0.1501
  0.0637  0.0637  0.0637  0.0637  0.0637  0.0637  0.053   0.0355  0.0209
  0.0435  0.0368  0.0291  0.0634  0.0367  0.0639  0.0729  0.0355  0.0556
  0.0565  0.0565  0.0598  0.0606  0.0573  0.0606  0.0606  0.0573  0.0606
  0.0565  0.0565  0.0598 -0.1549 -0.1549 -0.1549 -0.1549 -0.1549 -0.1549
  0.1378  0.1411  0.1378  0.1378  0.139   0.14    0.1411  0.139   0.14
  0.1411  0.1411  0.1378  0.0822  0.082   0.082   0.1533  0.1533  0.1533
  0.1533  0.1533  0.1533  0.0822  0.082   0.0822  0.1162  0.1162  0.1162
  0.1162  0.1162  0.1162  0.1226  0.1225  0.1226  0.1226  0.1225  0.1226
 -0.2061 -0.2061 -0.2061 -0.2061 -0.2061 -0.2061 -0.1478 -0.1372 -0.1267
 -0.1478 -0.1372 -0.1267 -0.914  -0.914  -0.9643]"
213,La1Se1,"FCC
",225,57.9693,6.24079,[ 4.344145  4.344145  4.344145 60.       60.       60.      ],,2,-6.01567,-6.305e-06,1.82299,9,[25.1215 32.8478],[ 1.4471 -1.4471]
214,Ba24Si100,"CUB
",213,2840.87,3.56817,[14.16285 14.16285 14.16285 90.      90.      90.     ],-22.9149,124,-4.93116,-1.57678e-05,3.15132,448,"[23.2481 23.2481 23.2481 23.2481 23.2481 23.2481 23.2481 23.2481 31.2809
 31.2809 31.2809 31.2809 29.1551 29.1551 29.1551 29.1551 29.1551 29.1551
 29.1551 29.1551 29.1551 29.1551 29.1551 29.1551 25.8506 25.8506 25.8506
 25.8506 25.8506 25.8506 25.8506 25.8506 19.5359 19.5359 19.6872 19.6872
 19.6872 19.6872 19.5359 19.6872 19.5359 19.6872 19.5359 19.6872 19.5359
 19.6872 19.5359 19.6872 19.5359 19.5359 19.6872 19.5359 19.5359 19.6872
 19.6872 19.5359 20.3991 20.3991 20.3991 20.3991 20.3991 20.3991 20.3991
 20.3991 20.3991 20.3991 20.3991 20.3991 20.113  20.113  20.113  20.113
 20.113  20.113  20.113  20.113  20.113  20.113  20.113  20.113  20.113
 20.113  20.113  20.113  20.113  20.113  20.113  20.113  20.113  20.113
 20.113  20.113  25.3262 25.3311 25.3295 25.3262 25.3246 25.3262 25.3262
 25.3311 25.3311 25.3311 25.3295 25.3246 25.3295 25.3246 25.3295 25.3262
 25.3262 25.3311 25.3246 25.3246 25.3246 25.3295 25.3311 25.3295 20.6983
 20.986  20.986  20.6983 20.6983 20.986  20.6983 20.986 ]","[ 1.1827  1.1827  1.1827  1.1827  1.1827  1.1827  1.1827  1.1827  1.2321
  1.2321  1.2321  1.2321  1.2581  1.2581  1.2581  1.2581  1.2581  1.2581
  1.2581  1.2581  1.2581  1.2581  1.2581  1.2581 -0.3521 -0.3521 -0.3521
 -0.3521 -0.3521 -0.3521 -0.3521 -0.3521 -0.2374 -0.2374 -0.2712 -0.2712
 -0.2712 -0.2712 -0.2374 -0.2712 -0.2374 -0.2712 -0.2374 -0.2712 -0.2374
 -0.2712 -0.2374 -0.2712 -0.2374 -0.2374 -0.2712 -0.2374 -0.2374 -0.2712
 -0.2712 -0.2374 -0.2211 -0.2211 -0.2211 -0.2211 -0.2211 -0.2211 -0.2211
 -0.2211 -0.2211 -0.2211 -0.2211 -0.2211 -0.316  -0.316  -0.316  -0.316
 -0.316  -0.316  -0.316  -0.316  -0.316  -0.316  -0.316  -0.316  -0.316
 -0.316  -0.316  -0.316  -0.316  -0.316  -0.316  -0.316  -0.316  -0.316
 -0.316  -0.316  -0.3669 -0.3671 -0.367  -0.3669 -0.3668 -0.3669 -0.3669
 -0.3671 -0.3671 -0.3671 -0.367  -0.3668 -0.367  -0.3668 -0.367  -0.3669
 -0.3669 -0.3671 -0.3668 -0.3668 -0.3668 -0.367  -0.3671 -0.367  -0.1593
 -0.2217 -0.2217 -0.1593 -0.1593 -0.2217 -0.1593 -0.2217]"
215,Bi3Sr1,"CUB
",221,129.347,9.17342,[ 5.057306  5.057306  5.057306 90.       90.       90.      ],-1.808,4,-3.90097,7.014e-05,0.781338,17,[36.3883 36.1766 35.9953 20.7871],[-0.4375 -0.4182 -0.4023  1.258 ]
216,Hf1N1,"FCC
",225,23.3546,13.6867,[ 3.208456  3.208456  3.208456 60.       60.       60.      ],,2,-10.8938,0.00021697,0.63018,9,[11.6503 11.7044],[ 1.8511 -1.8511]
217,Ba1,"HEX
",191,62.4209,3.6533,[  4.270879   4.270879   3.950287  90.        90.       119.9689  ],0.17753,1,-1.74646,-0.0011962,2.99237,2,,
218,Pr1Ru4Sb12,"BCC
",204,412.627,8.07352,[  8.123189   8.123189   8.123189 109.4712   109.4712   109.4712  ],,17,-4.89931,-0.000526476,1.4091,97,"[23.7223 20.1286 20.1369 20.1286 20.1286 25.698  25.705  25.705  25.6806
 25.698  25.705  25.705  25.6806 25.7084 25.689  25.6806 25.7105]","[ 1.3709 -0.6222 -0.6262 -0.6222 -0.6222  0.0914  0.095   0.095   0.0925
  0.0914  0.095   0.095   0.0925  0.0948  0.092   0.0925  0.0946]"
219,O1Ti1,"FCC
",225,20.6585,5.13626,[ 3.07991  3.07991  3.07991 60.      60.      60.     ],,2,-7.06956,-1.585e-06,2.38883,10,[11.2667  9.3918],[-1.6154  1.6154]
220,V1,"FCC
",225,14.3774,5.88357,[ 2.729386  2.729386  2.729386 60.       60.       60.      ],,1,-6.12358,-5.986e-05,2.16049,5,[14.3774],[-0.]
221,Ba1Ir2P2,"BCT
",139,100.216,9.672,[  6.973422   6.973422   6.973422 146.9975   146.9975    47.36755 ],,5,-5.85056,-8.7384e-05,0.879521,30,[25.9927 19.0455 19.0193 18.2266 17.9316],[ 1.2537 -0.4997 -0.4946 -0.1392 -0.1202]
222,Ga1Nb4Se8,"FCC
",216,294.093,6.05872,[ 7.46449  7.46449  7.46449 60.      60.      60.     ],,13,-5.75756,0.000171348,2.06283,71,"[16.2691 14.9963 15.0601 15.0064 14.9863 27.3015 27.1006 27.5145 27.0929
 27.1458 27.3321 27.1486 27.1296]","[ 0.9323  1.3922  1.3816  1.3905  1.394  -0.8077 -0.7895 -0.8177 -0.7978
 -0.8138 -0.8377 -0.814  -0.8124]"
223,K1Ni2S2,"BCT
",139,97.5174,3.75638,[  7.308652   7.308652   7.308652 149.9711   149.9711    42.98376 ],,5,-3.39101,-0.00160699,3.14141,33,,
224,Nb1Ru3,"CUB
",221,60.0337,10.9566,[ 3.915602  3.915602  3.915602 90.       90.       90.      ],,4,-6.59622,-3.065e-05,1.08033,29,[13.1247 15.6055 15.6081 15.6956],[ 1.181  -0.3865 -0.3856 -0.4089]
225,O3Sr1Ti1,"CUB
",221,62.7084,4.85962,[ 3.97291  3.97291  3.97291 90.      90.      90.     ],,5,-7.47382,0.00018779,2.51487,24,[12.4777 12.4777 12.4769 16.5633  8.7129],[-1.2397 -1.2397 -1.2397  1.5732  2.1458]
226,Ca1Pb3,"CUB
",221,121.614,9.03469,[ 4.954441  4.954441  4.954441 90.       90.       90.      ],-1.32629,4,-3.61075,8.171e-05,0.788222,14,[16.6487 34.3431 35.9483 34.6739],[ 1.2544 -0.3673 -0.4969 -0.3903]
227,S2Ta1,"RHL
",160,64.2769,6.33112,[ 6.851089  6.851089  6.851089 28.3974   28.3974   28.3974  ],,3,-7.17948,0.000213473,1.41536,17,[25.1421 25.1659 13.9689],[-0.8798 -0.8542  1.734 ]
228,C2Pt1U2,"BCT
",139,84.1846,13.7123,[  6.791933   6.791933   6.791933 148.7246   148.7246    44.81685 ],,5,-8.06117,-0.000247992,-0.000170491,30,[12.2794 12.2859 21.4485 19.0607 19.1101],[-1.4972 -1.4981 -0.5813  1.7907  1.786 ]
229,Lu1S1,"FCC
",225,38.7696,8.86717,[ 3.798995  3.798995  3.798995 60.       60.       60.      ],,2,-6.25003,4.1625e-05,0.994937,23,[15.0244 23.7452],[ 1.5527 -1.5527]
230,Si1V3,"BCC
",229,61.5035,4.88441,[  4.306991   4.306991   4.306991 109.4712   109.4712   109.4712  ],,4,-5.49198,-4.7505e-05,2.56558,19,[20.2561 13.7491 13.7488 13.7495],[-1.1297  0.3766  0.3767  0.3764]
231,Bi1In2,"HEX
",191,87.4097,8.33256,[  5.5115     5.5114     3.322767  90.        90.       120.0006  ],,3,-3.01672,-0.000252973,1.03102,11,[33.1411 27.3977 26.8709],[-0.1838  0.0673  0.1165]
232,La1Zn1,"CUB
",221,53.7589,6.31011,[ 3.774128  3.774128  3.774128 90.       90.       90.      ],,2,-2.87111,-0.00031339,1.76664,15,[27.7648 25.9941],[ 0.8841 -0.8841]
233,Bi4Te3,"RHL
",166,249.233,8.11986,[14.44953 14.44947 14.44947 17.91518 17.91507 17.91507],-1.21662,7,-3.82719,0.000124033,0.95763,38,[29.2686 29.2687 36.7159 36.7007 38.2452 39.5144 39.5136],[ 0.6571  0.6572  0.0732  0.0751 -0.5865 -0.4381 -0.438 ]
234,Ir1Sn2,"FCC
",225,67.8226,10.5182,[ 4.577514  4.577514  4.577514 60.       60.       60.      ],,3,-4.69463,-0.000138483,0.884488,17,[25.9263 20.8806 20.9809],[-1.4153  0.7113  0.7039]
235,Ge1P1,"BCT
",107,36.4622,4.71644,[  3.813439   3.813439   3.813439 124.1345   124.1345    82.97653 ],0.036594,2,-4.89579,-8.328e-05,2.63726,9,[16.1748 20.2875],[ 0.5721 -0.5721]
236,B12Lu1,"FCC
",225,104.213,4.85493,[ 5.282162  5.282162  5.282162 60.       60.       60.      ],,13,-6.78145,-7.69677e-05,2.02195,53,"[ 7.4669  7.6684  7.4386  7.6775  7.7628  7.8312  7.6185  7.6348  7.6061
  7.5477  7.7488  7.7341 12.4772]","[-0.0932 -0.1467 -0.0861 -0.1599 -0.1775 -0.2033 -0.135  -0.1503 -0.1403
 -0.1164 -0.1799 -0.1675  1.756 ]"
237,As1Ge1,"BCT
",107,41.8967,5.84649,[  4.000498   4.000498   4.000498 124.369    124.369     82.58587 ],0.10583,2,-4.52527,-0.000164815,2.16163,9,[23.321  18.5757],[-0.3857  0.3857]
238,B12Zr1,"FCC
",225,101.568,3.61216,[ 5.237097  5.237097  5.237097 60.       60.       60.      ],-83.0773,13,-7.04774,-0.000151445,3.42897,40,"[ 7.4531  7.2884  7.5331  7.4933  7.5331  7.2161  7.7306  7.2884  7.3978
  7.5894  7.3524  7.4237 12.2685]","[-0.1634 -0.1113 -0.1798 -0.1783 -0.1798 -0.0852 -0.2565 -0.1113 -0.1341
 -0.2091 -0.1309 -0.1569  1.8965]"
239,Te1Y1,"FCC
",225,59.1491,6.07814,[ 4.37342  4.37342  4.37342 60.      60.      60.     ],-2.62004,2,-6.1122,0.00014792,1.94059,9,[39.9297 19.2194],[-1.441  1.441]
240,Se1Y1,"FCC
",225,48.282,5.77334,[ 4.08727  4.08727  4.08727 60.      60.      60.     ],-3.53256,2,-6.7392,0.00018578,2.16327,9,[30.9352 17.3468],[-1.5497  1.5497]
241,Cs1I1,"FCC
",225,121.053,3.56393,[ 5.552608  5.552608  5.552608 60.       60.       60.      ],,2,-2.75761,0.00322542,3.08102,8,[47.1945 73.8587],[ 0.8166 -0.8166]
242,Bi2Te3,"RHL
",166,178.309,7.45726,[10.7623  10.7623  10.7623  23.79846 23.79846 23.79846],-1.20317,5,-3.74041,3.1484e-05,1.13068,28,[28.7006 28.7002 38.2983 41.3291 41.274 ],[ 0.701   0.701  -0.6164 -0.3937 -0.3918]
243,Ba2Bi3,"ORCI
",71,199.705,7.49679,[  6.946603   6.946603   6.946603 138.945    109.9411    84.54102 ],-3.86619,5,-3.96529,-0.00012269,1.02119,19,[31.9725 31.9741 44.0389 46.1072 45.612 ],[ 1.1874  1.1873 -0.5495 -0.9373 -0.8879]
244,Lu1Ru2Si2,"BCT
",139,81.0932,8.87221,[  5.52915   5.52915   5.52915 135.7784  135.7784   64.32307],,5,-6.31412,-5.0318e-05,1.14479,41,[14.7841 19.3779 19.3809 14.0727 13.4776],[ 1.6913 -1.1326 -1.1334  0.2334  0.3413]
245,Nb5Sb4,"BCT
",87,195.253,8.09234,[  7.590067   7.590067   7.590067  93.20631   93.20631  152.6401  ],,9,-6.82486,-0.000148504,1.44088,45,[17.7834 17.4299 17.4311 17.4817 17.4817 26.875  26.8619 26.9467 26.9621],[ 0.3625  0.6347  0.6345  0.6239  0.6239 -0.7178 -0.7174 -0.7218 -0.7224]
246,La1Mo6S8,"RHL
",148,288.204,5.59474,[ 6.60668  6.60668  6.60668 88.87007 88.87007 88.87007],,15,-6.65634,-3.34067e-05,2.07737,87,"[22.0102 14.0968 14.0959 14.1035 14.0968 14.0968 14.1027 22.1699 22.1699
 22.8715 22.8715 22.8773 22.8807 22.8807 22.8748]","[ 1.9308  0.9105  0.9108  0.9087  0.9106  0.9106  0.9087 -0.8658 -0.8658
 -0.9431 -0.9431 -0.9432 -0.9433 -0.9433 -0.9431]"
247,In3Lu1,"CUB
",221,92.843,9.2902,[ 4.528103  4.528103  4.528103 90.       90.       90.      ],,4,-3.40709,-0.000299557,1.09705,26,[26.1423 25.0812 24.0771 17.5424],[-0.5489 -0.4144 -0.2851  1.2484]
248,Eu1,"FCC
",225,48.016,5.25524,[ 4.079752  4.079752  4.079752 60.       60.       60.      ],,1,-9.84078,-0.0020476,1.82362,9,,
249,Rh1Te2,"HEX
",164,74.2324,8.01064,[  3.961947   3.962085   5.46041   90.0034    90.       119.9989  ],,3,-3.87982,4.565e-05,1.44309,21,[18.4661 27.8663 27.8998],[-0.2742  0.1382  0.136 ]
250,P1Sn1,"BCT
",107,47.3869,5.24455,[  4.149256   4.149256   4.149256 123.6859   123.6859    83.72627 ],,2,-4.49793,4.3975e-05,2.20181,9,[25.3459 22.0409],[-0.8116  0.8116]
251,Rh5Y1,"HEX
",191,101.092,9.91205,[  5.194635   5.194526   4.326001  90.        90.       120.0007  ],,6,-4.62689,0.000230077,1.18236,48,[16.7013 16.5559 17.408  17.2963 17.8461 15.2841],[-0.4011 -0.374  -0.3081 -0.2943 -0.414   1.7915]
252,La1N1,"FCC
",225,38.3135,6.62734,[ 3.78404  3.78404  3.78404 60.      60.      60.     ],,2,-7.72507,9.855e-05,1.62481,8,[21.3132 17.0003],[ 1.6857 -1.6857]
253,B1Hf1,"FCC
",225,28.3074,11.1045,[ 3.420883  3.420883  3.420883 60.       60.       60.      ],-7.52204,2,-8.73737,-0.000192525,0.775756,7,[14.7972 13.5102],[-1.5416  1.5416]
254,In1Pd1,"CUB
",221,35.272,10.4146,[ 3.279519  3.279519  3.279519 90.       90.       90.      ],,2,-3.19565,-0.000192405,1.10432,13,[16.8761 18.396 ],[ 0.5757 -0.5757]
255,W1,"FCC
",225,16.7439,18.2329,[ 2.871602  2.871602  2.871602 60.       60.       60.      ],,1,-10.0499,-0.00014581,0.448779,6,[16.7439],[-0.]
256,Al1N1,"FCC
",225,16.8341,4.04314,[ 2.876746  2.876746  2.876746 60.       60.       60.      ],,2,-7.27295,6.4265e-05,2.93975,8,,
257,Re24Ti5,"BCC
",217,457.61,17.0851,[  8.408256   8.408256   8.408256 109.4712   109.4712   109.4712  ],,29,-8.93177,-0.000245611,0.474253,188,"[16.7743 16.7743 16.7904 16.7966 16.7743 16.7743 16.7966 16.7904 16.7966
 16.7904 16.7743 16.7743 16.6938 17.2408 17.6412 17.5635 17.1094 17.2408
 17.5635 17.2256 17.5635 16.8333 17.6564 17.1094 10.3427  9.6089  9.6089
  9.5928  9.6089]","[-0.238  -0.238  -0.2414 -0.2445 -0.238  -0.238  -0.2445 -0.2414 -0.2445
 -0.2414 -0.238  -0.238  -0.233  -0.4135 -0.5348 -0.5011 -0.3625 -0.4135
 -0.5011 -0.4055 -0.5011 -0.2832 -0.543  -0.3625  1.5814  1.5893  1.5893
  1.5913  1.5893]"
258,Pd1Te2,"HEX
",164,75.146,7.99046,[  4.09188    4.091968   5.182235  90.00706   90.       119.9993  ],,3,-3.3171,-0.000211037,1.44651,22,[19.0693 28.0164 28.0605],[-0.2504  0.1273  0.1231]
259,Sb1,"BCT
",139,27.1652,7.44228,[  3.280072   3.280072   3.280072 109.2723   109.2723   109.8698  ],0.00491,1,-3.88441,-0.00013617,1.53129,5,[27.1652],[0.]
260,B2Nb1,"HEX
",191,28.1203,6.76292,[  3.11306    3.113076   3.350518  90.        90.       119.9998  ],,3,-7.98629,0.00021636,1.78314,11,[ 8.0793  8.2526 11.7884],[-0.6519 -0.7227  1.3746]
261,Mo6S8,"RHL
",148,277.257,4.9837,[ 6.522078  6.522078  6.522078 91.16858  91.16858  91.16858 ],,14,-6.46435,-4.65979e-05,2.36658,84,"[14.0447 14.0447 14.04   14.04   14.04   14.0447 26.4681 26.4397 23.35
 23.3484 23.3484 23.3484 23.35   23.35  ]","[ 0.9968  0.9968  0.9978  0.9978  0.9978  0.9968 -0.6541 -0.6542 -0.7793
 -0.7792 -0.7792 -0.7792 -0.7793 -0.7793]"
262,Ce1Co1Ge3,"BCT
",107,88.8747,7.78795,[  5.711786   5.711786   5.711786 135.948    135.948     64.06074 ],,5,-4.4841,0.000175232,1.51415,25,[20.5523 14.2637 19.2936 17.3824 17.3826],[ 1.4415 -0.7135 -0.4931 -0.1174 -0.1174]
263,Pd2Sc1Sn1,"FCC
",225,73.0406,8.5583,[ 4.692019  4.692019  4.692019 60.       60.       60.      ],,4,-4.4067,-0.000156488,1.36144,27,[20.7804 20.7857 11.0672 20.4073],[-0.92   -0.9209  1.6826  0.1582]
264,Ge1Te1,"RHL
",166,54.1912,6.13428,[ 4.258467  4.258467  4.258467 59.66516  59.66516  59.66516 ],-0.153131,2,-3.89925,8.683e-05,1.94206,10,[20.4275 33.7585],[ 0.4522 -0.4522]
265,Th1Tl3,"CUB
",221,116.015,12.0967,[ 4.877213  4.877213  4.877213 90.       90.       90.      ],,4,-3.55997,-0.00046911,-0.000470141,13,[28.2537 30.5697 29.2544 27.9374],[ 1.3291 -0.5672 -0.4431 -0.3188]
266,Ba1Bi3,"CUB
",221,137.289,9.24403,[ 5.158759  5.158759  5.158759 90.       90.       90.      ],-1.88718,4,-3.98087,0.000200198,0.785856,17,[27.5668 36.5507 35.3707 37.8008],[ 1.0968 -0.3641 -0.2699 -0.4628]
267,Tc1,"FCC
",225,14.6729,11.1933,[ 2.747958  2.747958  2.747958 60.       60.       60.      ],,1,-6.94759,0.00023234,1.06557,7,[14.6729],[-0.]
268,Al3Yb1,"CUB
",221,77.8342,5.41858,[ 4.26963  4.26963  4.26963 90.      90.      90.     ],,4,-3.28803,-9.305e-06,1.74562,25,[19.9885 20.7873 20.4608 16.5723],[-0.234  -0.3486 -0.3006  0.8832]
269,B1Zr1,"FCC
",225,29.6203,5.71989,[ 3.472973  3.472973  3.472973 60.       60.       60.      ],-7.44283,2,-7.99307,0.000259335,2.13248,7,[15.6538 13.9665],[-1.5088  1.5088]
270,As1Sn1,"FCC
",225,50.3194,6.38918,[ 4.143973  4.143973  4.143973 60.       60.       60.      ],,2,-4.20313,0.000110335,1.85831,9,[26.9854 23.3152],[-0.6408  0.6409]
271,Ce1Cu2Si2,"BCT
",139,85.1099,6.30938,[  5.789595   5.789595   5.789595 138.2571   138.2571    60.50953 ],,5,-4.60325,-1.2972e-05,1.7991,34,[20.6077 14.231  14.2305 17.8043 18.2363],[ 1.4767 -0.2639 -0.2638 -0.4255 -0.5234]
272,Mo1,"FCC
",225,16.3379,9.75106,[ 2.848202  2.848202  2.848202 60.       60.       60.      ],,1,-7.60041,6.074e-05,1.21834,6,[16.3379],[0.]
273,P1Rh2,"FCC
",225,41.9863,9.36473,[ 3.901285  3.901285  3.901285 60.       60.       60.      ],,3,-5.21668,-3.36e-05,1.2473,23,[11.6059 15.1709 15.2096],[ 0.2255 -0.1091 -0.1164]
274,Ga1P1,"FCC
",216,41.4261,4.03693,[ 3.883855  3.883855  3.883855 60.       60.       60.      ],,2,-4.33318,4.7325e-05,3.07366,8,[15.9349 25.4913],[ 0.7746 -0.7746]
275,Ru1,"FCC
",225,13.769,12.189,[ 2.690331  2.690331  2.690331 60.       60.       60.      ],,1,-5.55021,0.00017985,0.968284,8,[13.769],[0.]
276,B2Zr1,"HEX
",191,31.0621,6.03228,[  3.175974   3.175974   3.555869  90.        90.       119.9999  ],-16.3569,3,-8.30006,-6.55433e-05,2.02754,10,[ 9.5138  9.2412 12.307 ],[-0.8142 -0.7183  1.5325]
277,Nb1S2,"RHL
",166,62.9677,4.14099,[ 6.641424  6.641424  6.641424 29.52368  29.52368  29.52368 ],,3,-6.60336,-0.000317963,2.85131,17,[13.0706 24.9414 24.9556],[ 1.7614 -0.8806 -0.8808]
278,Au1Sc1,"CUB
",221,40.3945,9.94496,[ 3.431158  3.431158  3.431158 90.       90.       90.      ],,2,-3.96019,-0.000161875,0.799268,14,[28.8178 11.5767],[-1.6964  1.6963]
279,Bi2Se3,"RHL
",166,149.515,7.27279,[10.08204 10.08204 10.08204 24.0458  24.0458  24.0458 ],-1.94812,5,-4.09429,6.73e-06,1.12234,28,[25.8226 25.8222 30.7435 33.5713 33.5552],[ 1.0179  1.0179 -0.8348 -0.6007 -0.6003]
280,Ir1,"FCC
",225,14.1326,22.5853,[ 2.713806  2.713806  2.713806 60.       60.       60.      ],,1,-5.97354,3.05e-05,0.334578,9,[14.1326],[0.]
281,I4Sn1,"CUB
",215,322.741,3.22243,[ 6.859379  6.859379  6.859379 90.       90.       90.      ],,5,-2.27204,0.00282204,3.45326,32,[74.9283 73.316  73.3878 74.2798 26.8234],[-0.2753 -0.2692 -0.2694 -0.2728  1.0867]
282,Au1Ga2,"FCC
",225,59.1609,9.44328,[ 4.373709  4.373709  4.373709 60.       60.       60.      ],,3,-2.23371,-0.000157003,0.941423,17,[24.8604 17.1501 17.1504],[-1.0661  0.533   0.533 ]
283,Pd1Zr2,"BCT
",139,60.5011,7.92764,[  5.932628   5.932628   5.932628 147.3656   147.3656    46.82272 ],,3,-7.04123,-0.000368243,1.50838,18,[22.7551 18.8738 18.8721],[-1.3758  0.6877  0.6881]
